names,hots,authors,materials
一次成功 只需四步做出美味纸杯蛋糕[视频教学],17,frank-lee,汤种戚风2.0蛋糕粉、鸡蛋、油、水
运动之后的绿色能量弹,0,里奥吴,"绿色果蔬：
芹菜，牛油果，青苹果，黄瓜等常见的绿色果蔬
有条件的朋友可以替换羽衣甘蓝或者添加螺旋藻粉，奇亚籽等superfood、液体：
水或者牛奶
也可以使用椰子水或者脱脂牛奶，酸奶等"
米发糕（碗糕）,24,llyllylly,粘米粉、泡打粉、白糖、水
什菜三文鱼卷饼,0,野生救援WildAid蔬食,迷你墨西哥玉米卷饼、绿青柠、西红柿、香菜、熟透的牛油果、紫洋葱、去皮三文鱼、生菜叶、橄榄油、盐、蛋黄酱、黑胡椒粉、青柠汁
每周四的常菜谱,11,snforyer,猪蹄、蒜、生姜、桂皮、花椒、草果、大料、干辣椒、香叶
老面包土司！（普通面粉，植物油也可以做出好面包！小时候的味道。。。）,10,破瓦落地吃德国,面粉（中种）、牛奶（中种）、酵母（中种）、面粉（主面团）、酵母（主面团）、盐（主面团）、牛奶（主面团）、奶粉（主面团）、鸡蛋一颗（主面团）、植物油（最后揉入面团）、糖
香菇馒头,60,章婷的美食日记,牛奶、面粉、酵母、糖、可可粉、开水
万万没想到，蛋糕也能“蒸”出来！——蒸蛋糕,48,孔老师教做菜,鸡蛋、牛奶、白砂糖、低筋面粉、白醋、玉米油
肥牛金针菇,45,CC的魔幻厨房,葱姜蒜、辣椒、肥牛、金针菇
超软葱香芝士包（淡奶油面包体）,25,emilytao,高粉、细砂糖、酵母（推荐日清酵母，比燕子更加好用）、奶粉、盐、牛奶或者水、淡奶油、鸡蛋、黄油、沙拉酱、番茄酱、葱花、马苏里拉芝士
吉野家牛肉饭（牛丼）,23,小兔子MM,洋葱、肥牛肉、料酒、米酒、酱油、水、糖
苦瓜酿肉,20,lynn001201,苦瓜、干香菇、猪肉、生抽、淀粉、料酒、鹌鹑蛋
一碗红汤面(懒人版),7,森野星踪,面条、油(猪油或鸡油最佳)、老抽、盐、糖、味精
蘑菇汤,15,冰¥玲¥珑,平菇、香菇、鸡蛋、葱、姜、黑胡椒粉、麻油
菠萝咕咾肉，咬一口不老的灵魂,50,任芸丽,猪梅肉（前臀尖）、干面粉、鸡蛋、生抽、黄酒、盐、白胡椒粉、新鲜菠萝、青椒、红椒、干淀粉、水、白米醋、番茄酱、白砂糖、油 500ml
香辣小龙虾,30,Jann_,小龙虾、紫苏 香菜 葱、姜 蒜 、指天椒、八角 桂皮 香叶、啤酒、老干妈
鸡蛋煎馒头片,16,不愿下楼的猫,馒头、鸡蛋、盐、花生油
一口气可以干掉六个的 Mini意式披萨！,43,桔子,水、橄榄油、酵母、高粉、盐、糖、马苏里拉奶酪碎、番茄 青红椒 热狗肠、番茄酱 | 盐 | 黑胡椒碎 | 披萨草 | 橄榄油
芒果牛奶布丁,49,Miss牙牙酱,芒果、牛奶、白砂糖、吉利丁粉
如棉花般松软的海苔肉松面包,10,月半茜小厨,面团部分材料、金像高筋面粉、酵母、奶粉、细砂糖、盐、全蛋液、玉米油（必须要放）、牛奶、无盐黄油、内馅部分、海苔肉松（可以换成你喜欢的任何馅料）、沙拉酱、高筋面粉（装饰表面）、锋利的割包刀、面包纸托（直径八公分）
超软的~酸奶蛋糕,56,海燕的手艺,酸奶（浓稠的）、低筋面粉、玉米淀粉、鸡蛋、色拉油、糖、柠檬汁
贝果光滑的秘密,9,本宫待你不薄啊,高筋粉、水、淡奶油、糖、盐、酵母、煮贝果的水、煮贝果的糖
用烤箱自己做面包--手工牛奶吐司面包,23,佟小鹤,高筋面粉、酵母、砂糖、盐、蛋液、牛奶、黄油
椒盐皮皮虾,17,壹的梦想,皮皮虾、葱、姜、蒜、椒盐、黑胡椒粉
金针炒莴笋,17,静待花开_hz,莴笋、金针菇、盐、鸡精、麻油、姜蒜末
红烧五花肉,22,小丫头蛋蛋8,五花肉、冰糖、老抽、姜、料酒、生抽、香叶、干辣椒、八角、葱、蒜
火腿肠葱花鸡蛋饼,29,da可儿,鸡蛋、火腿肠、面粉、葱花、盐
素菜也可以这么美—荷塘小炒,11,tangtang瑭瑭,莲藕、红萝卜、荷兰豆、玉米粒、黑木耳、调料：、食用油、盐、蒜蓉
零失败花纹超级立体的黄油曲奇,74,金粒籽,开始做之前请一定认真看看小贴士，成败在此一举，在我这个方子里，特别特别重要的是黄油软化的程度，太软花纹不成型，太硬挤到手抽筋。、【温馨提示：曲奇烤的时候会比你原来挤的体积稍微大一点，所以，挤的时候不要挤太大哦，变大一点很正常，不可能烤完后还跟挤出的大小一样】、❣️❣️❣️糖粉可以根据自己口味适当增减，其他可以变动的地方上面都写了，没写的要么就是不能变动，要么就是我没尝试过，要换这换那的，自己尝试一下哈，但改完后的口感我由于没尝试过，自然是不知道的，你们自己做实验吧！！！、原味黄油曲奇：、黄油、糖粉、盐、蛋清、低筋面粉、高筋面粉、杏仁粉、分界线———👇🏻、抹茶黄油曲奇：、黄油、糖粉、盐、蛋清、低筋面粉、高筋面粉、杏仁粉、抹茶粉、分界线———👇🏻、可可黄油曲奇：、黄油、糖粉、盐、蛋清、低筋面粉、高筋面粉、可可粉、杏仁粉、温馨提示：步骤里的图我是用的三倍的量
不焯水不放油的家常红烧肉,56,Pan小月,带皮五花肉、冰糖、姜片、八角、香叶、干辣椒、黄酒、老抽、生抽、开水
电饭锅海南鸡饭,11,懒饭美食,去骨鸡腿、大米、水、葱、姜、盐、白胡椒粉、冰糖、老抽、热水
十三香小龙虾【曼食慢语】,17,Amanda曼达,陈皮、桂皮、丁香、山奈、香叶、白豆蔻、八角、草果、花椒、白胡椒、黑胡椒、小茴香、孜然粒、芫荽子、小龙虾、郫县豆瓣、生抽、甜面酱、啤酒、醋、糖、蚝油、姜、青椒、洋葱、蒜、朝天椒、大葱
老婆饼,21,晓廷爱烘焙,油皮材料、高粉、低粉、糖粉、猪油（或者酥油）、水、油酥部分、低粉、猪油（或者酥油）、馅料部分（我建议别替换）、水、黄油、细砂糖（我觉着可以接受的甜度不用减量）、细盐、椰蓉（我用的椰丝）、三洋糕粉（熟粉）、白芝麻、装饰蛋黄液、装饰白芝麻
【包子那点儿事】,14,E路拾缘,面粉（底筋或中筋）、糖、干酵母、清水、绞肉、生抽、蚝油、花雕酒、白胡椒粉、糖、姜末、葱花、盐、麻油、色拉油、白菜/卷心菜/油菜/其他蔬菜、白菜（以白菜为例）
简单三步搞定红糖发糕,9,_小葵姐姐_,红糖、面粉、热水、酵母
糯米甜饼,10,楊丁丁,糯米面、清水、红糖、白糖、油
椰蓉奶棒面包,85,红叶99,高筋面粉、奶粉、水、鸡蛋液、盐、糖、酵母、黄油、黄油、椰蓉、糖、鸡蛋液、牛奶、鸡蛋液（刷表面）
韭菜炒鸡蛋,7,胶P糖,鸡蛋、韭菜、盐、植物油、清水
香辣卤鸡爪,14,小鱼mm,鸡爪、生姜 葱白、蚝油、花椒 八角 干辣椒、桂皮 香叶、生抽 老抽、料酒 、糖
玫瑰花馒头,30,_慧绘美食记_,紫薯、牛奶、水、干酵母、中筋面粉
超级豪华版广式糯米鸡,9,倔强的大肉丸,荷叶、糯米、鸡腿、咸蛋、腊肠、香菇、虾米、瑶柱、油、盐、生粉、蚝油、生抽、五香粉、胡椒粉
香蕉面饼（宝宝辅食）,46,胡师奶-1,香蕉、鸡蛋、面粉、水或鲜奶、白糖
教你捏漂亮的包子褶,11,红叶99,面粉、水、馅料
油酥饼,5,知味学堂,中筋面粉、盐、色拉油、沸水、常温水
芒果千层蛋糕，100%成功告别煎皮无能,89,小肥鴨吖,面皮：、黄油、细糖、鸡蛋、牛奶、低粉、奶油夹馅：、淡奶油、糖粉、芒果、吉利丁片
酸奶吐司,15,啊呜511,面包粉	250克 糖	30克 盐	3克 奶粉 7克 耐高糖酵母 2.5克 自制浓稠酸奶 95克 全蛋液 40克（土鸡蛋一只） 水 46克 黄油 18克
菠萝炒饭,110,少年超,菠萝、新鲜米饭、鸡蛋、胡萝卜、黄瓜、豌豆、火腿肠、花生油、盐、糖
趣多多饼干,23,超超超圆脚豆,低筋面粉、玉米淀粉、可可粉、鸡蛋液、糖粉、盐、无盐黄油、耐烤巧克力豆
清蒸皮皮虾,20,海帕利安,皮皮虾、葱段、姜丝、盐
戚风杯子蛋糕^_^不开裂不回缩喔～,33,小懒鱼烘焙屋,60g的鸡蛋、蛋白的糖、蛋黄的糖、酸奶、低粉、色拉油
香菇油菜,23,小至_,香菇、油菜、水、淀粉、耗油、生抽、糖、盐
干煸四季豆,10,小白素食记录,四季豆、干辣椒、花椒、蒜、糖、盐、生抽、耐心
酸辣粉,12,奚姥姥,紅暑粉条一把、花生米（适量）、葱姜蒜沬、生抽、香油、香醋、香菜、老干媽、辣椒油、雞粉
虎皮鸡蛋,9,我有三个娃,鸡蛋、老抽、生抽、冰糖、食用油、水
终极版蛋黄酥配方----最顺手的配方,19,晓廷爱烘焙,酥皮部分：、中筋面粉、酥油或者猪油、细砂糖、水、油酥部分：、低粉、酥油或者猪油、其它材料：、豆沙馅或者各种馅料、咸蛋黄
枸杞核桃花生黑芝麻片,12,冇伱灬冇我,熟黑芝麻、熟花生仁、熟核桃仁、枸杞、麦芽糖（见步骤5）、细砂糖（见步骤5）、水
Q弹椰汁千层糕(马蹄糕),128,阿官夫人Ivy,洲星马蹄粉、金牌高达椰浆、纯牛奶、炼奶（可替换成白糖）、冰片糖、清水
可乐鸡翅（懒人版）,15,吃货变成小胖纸,鸡翅、油、可乐、姜、盐、桂皮（可不放）
零失败的 ---可可布朗尼,4,敖羽星,高筋面粉、低筋面粉、赤砂糖、细砂糖、盐、香草精（可以不用）、鸡蛋、泡打粉、色拉油&玉米油、可可粉、表面装饰材料、耐高巧克力豆、杏仁片
奶白鲫鱼汤,9,caoaixu88,鲫鱼、内酯豆腐、生姜、葱或大蒜叶、料酒、盐、鸡精、色拉油
冰糖雪梨棒棒糖,14,典典家的甜言物语,雪梨汁、黄冰糖、麦芽糖
绿豆糕,42,Jin小厨,剥皮绿豆（注明：干的剥皮绿豆）、黄油、细砂糖
家乡味道，爸爸的炸酱面,3,蒋三寻,面粉、清水、猪肉、蒜苔、黄瓜、黄豆酱、植物油、芡粉、白糖、食盐、大蒜
糯米空心糍粑,12,快乐拉丁,糯米粉、白糖、白芝麻、开水、植物油
双色馒头,4,红叶99,白色面团、普通面粉、酵母、糖、水、黑米面团、普通面粉、黑米粉、酵母、糖、水
油炸茄盒,16,鸡蛋花蒋蒋鸡蛋花,茄子、牛肉（可以猪肉代替）、鸡蛋、葱、盐、料酒、淀粉（腌肉）、面粉（裹茄盒）、生抽、五香粉、胡椒粉
下饭必备青椒酿肉！,4,小白和蓉蓉,青椒、肉馅、鸡蛋、葱姜蒜
《Tinrry+》Tinrry教你做超松软的全蛋海绵蛋糕,82,Tinrry甜悦,鸡蛋、细砂糖、无盐黄油、纯牛奶、低筋面粉、柠檬汁、食用水、糖粉、青柠檬皮
波兰种全麦吐司,19,啊呜511,王后日式面包粉、水、鲜酵母、王后日式面包粉、全麦粉、鲜酵母、细砂糖、枫糖浆、盐、奶粉、水、黄油
最好吃的吐司～70%中种北海道,27,leibaobao00,高筋粉（中种）、即发干酵母、牛奶、蛋白、盐、高筋粉(主面团)、细砂糖、盐、淡奶油、橄榄油(原方黄油40克)
五花肉干煸土豆片,29,性感的毛毛虫,土豆、五花肉、郫县豆瓣酱、红色菜椒或者干辣椒、盐、姜、青椒、蒜末
咸蛋黄豆腐,15,hdne2010_我是馋猫,嫩豆腐、咸蛋黄、新鲜豌豆、葱姜末、胡椒粉、水淀粉
超简单！5分钟口袋饭团,12,迷特波鲁,米饭、海苔、鸡蛋、美乃滋、火腿片、盐、米饭、海苔、肥牛卷、洋葱、秋葵、米饭、海苔、鸡蛋、美乃滋、盐、活虾、牛油果
龙井虾仁,3,晴天小超人,虾、龙井茶叶、鸡蛋清、食用碱、淀粉、油、盐、鸡精、黄酒
韭菜盒子,3,家味香厨房,普通面粉、烫水{约85度}、韭菜、花生油或香油、泡软粉丝、鸡蛋{小点的}、盐、食用油
超级简单-改良简易炸猪排,13,小美的美食,猪瘦肉（里脊肉）、鸡蛋、面粉、面包糠、辣椒面（自选）、黑胡椒、盐、料酒、酱油
胡萝卜土豆炖排骨,4,Pan小月,排骨、土豆、胡萝卜、香叶、干辣椒、大料、桂皮、花椒、料酒、老抽、生抽、冰糖、热水
面包机都能揉出手套膜（不用剪刀，面包机出膜最详细指导）,8,黑蛋宝宝,高筋面粉、奶粉、酵母、糖、盐、牛奶+鸡蛋（液体）、黄油
青梅酿酒,19,午夜飞行xtt,青梅、九江双蒸酒、黄冰糖、玻璃密封罐
零嘴麻辣干子,17,小白菜5毛,千张（薄豆干）、大蒜、蚝油、香油、酱油、辣椒、孜然、白芝麻、食盐，白砂糖、食用油
快手汉堡胚,4,墨七,高粉、低粉、砂糖、酵母、黄油、盐、水
乳酪三明治,9,扣扣家的早餐,全麦吐司、肉松、玉米粒、马苏里拉、沙拉酱、火腿片、牛奶、鸡蛋一个
超好吃的红糖烙饼,5,浪漫春天,中筋面粉、鸡蛋、酵母、水、玉米油、馅料：、红糖、面粉
抹茶蛋糕卷,5,绿野仙踪wu,（一）蛋糕体：、鸡蛋（每个60-65克）、细砂糖（蛋黄糊用）、低筋面粉、无味植物油、抹茶粉、温水、细砂糖（蛋白霜用）、（二）奶油夹馅：、淡奶油、细砂糖
无鸡蛋无黄油的咸味土豆饼干,26,饭饭,低粉、玉米淀粉、盐、小苏打、熟的土豆、橄榄油、水
【花生酥】,27,日食记,低筋面粉、无盐黄油、去皮花生、糖粉、蛋黄、熟黑芝麻、盐
卤鸡腿（直逼广九直通车鸡腿）,13,糖盐盐,鸡腿、大葱、八角、花椒、生抽、老抽、蚝油、喼汁、冰糖、姜片
福清紫菜饼&光饼,6,胖朵拉,饼皮比例：面粉、酵母、温水、油、盐、糖、馅料：紫菜、胡萝卜、香菇、五花肉、葱花等
简单快捷春卷皮,4,YY默,饺子皮、玉米油、毛刷、擀面杖
黑椒牛肉厚底披萨,5,王小厨Miss,披萨面饼：中筋面粉150g、橄榄油10g、酵母2g、盐2g、糖10g、水80g、番茄酱、洋葱、牛肉、彩椒、玉米粒、豌豆、胡萝卜丁、马苏里拉芝士碎、橄榄油各适量。
最美不过那碗阳春面,17,Soyobell,面条（最好是细圆挂面）、猪油、小葱、盐、味精、酱油
自制珍珠【高成功率】,22,王小菲菲菲,木薯粉、水、糖【白糖，黄糖，红糖，黑糖任何糖都可以】
最详细的蛋黄酥方子修订版（新手必看）,43,唯一牛妈妈,油皮（16个量）、中粉（普通面粉）、猪油、糖、水、油酥、低粉、猪油、馅、红豆沙馅、咸蛋黄、其他、鸡蛋黄、黑芝麻
全蛋蛋挞（简捷版）,55,糯米jlxy,鸡蛋、牛奶、淡奶油（没有可换成牛奶）、细砂糖、蛋挞皮
斑马纹酸奶蛋糕,22,_慧绘美食记_,①蛋黄糊材料：、蛋黄、细砂糖（加入蛋黄中）、玉米油、酸奶、低筋粉、②蛋白霜材料：、蛋白、细砂糖（加入蛋白中）、③其他：、可可粉、④工具：、八寸活底圆模、盛放温水的容器
张姐-红烧鱼,11,xiao妈,鲫鱼或鳊鱼等等...、生姜、蒜头、黄酒、酱油、小葱、干朝天辣椒、醋、
波兰种手撕餐包,30,红叶99,高筋面粉、水、酵母、高筋面粉、牛奶、全蛋液、奶粉、糖、盐、酵母、黄油、全蛋液（刷表面）
蒸出来的蛋糕（简单版）,18,慢尤尤小姐,土鸡蛋、白砂糖、低筋面粉、白醋
酸辣土豆丝,18,12 15 22 5 21,土豆、干辣椒、青辣椒、醋、盐、生抽、蒜
家常酸菜鱼,24,花花花头鸭,草鱼、花椒、酸菜、料酒、盐、泡椒、胡椒粉、蛋清、白砂糖、红辣子、姜末、蒜蓉、玉米油
黄瓜咸菜,6,易易安。,黄瓜、青椒、花椒、八角、酱油、辣椒粒、芝麻、蒜、姜、花生油
奥利奥戚风蛋糕,3,mixagl-,鸡蛋、白砂糖（蛋黄）、白砂糖（蛋白）、色拉油、牛奶、低粉、奥利奥
莴笋炒肉,6,每天都在想念,前尖肉、莴笋、姜蒜片、少许剁椒或者干辣椒小米辣一类的
纯手工奶香馒头【无泡打粉，无添加】,40,婷婷手工坊ting1003227194,面粉、酵母粉、白糖、牛奶或清水
清蒸白萝卜,4,指间的梦,白萝卜、盐、蚝油、香油、花椒油、香葱
香蕉烤吐司,6,念子娇,吐司、黄油、白砂糖、香蕉
详解鲜肉大包做法。,35,一只梨花压海棠,中筋面粉、酵母、泡打、糖、水、夹心肉糜、盐、味精、糖、胡椒粉、葱姜汁、水、老抽（可加可不加）
【减脂早餐】无油香蕉松饼（超简单）——18.4.22更新,151,余梓沙,香蕉（越熟越好）、鸡蛋、牛奶、面粉、盐、糖
自制麻辣烫,6,小陈学做饭,干辣椒、花椒、大葱、姜、蒜、冰糖、红油郫县豆瓣酱、草果、大料、丁香、砂仁、香叶、豆蔻、桂皮、小茴香、草果、花椒油、各种蔬菜如：西兰花，口蘑，蘑菇、各种荤菜
南瓜羹,7,mina_pote,南瓜、糯米粉、牛奶、盐、炼乳
超快手红烧鸡腿,32,Amoo,鸡腿、生抽、老抽、料酒、白糖
零基础做芒果千层蛋糕（8寸）,32,模样生活,低筋面粉、细砂糖、全蛋液、鲜奶、黄油、淡奶油、芒果肉、淡奶油、细砂糖
兔子香肠馒头（一次发酵）,8,淡然-微笑,面粉、水、酵母、糖、红豆、香肠
软面玉米饼,7,曉琰私厨,细玉米面、面粉、牛奶、鸡蛋、酵母、白糖、温水
芝士榴莲披萨,22,吃货不是盖得,高筋面粉、低筋面粉、融化黄油或橄榄油、干酵母、细砂糖、盐、奶油奶酪、马苏里拉芝士、鲜榴莲、温水、蛋黄
春饼 —薄如纸,50,奇迹-75,面粉（中筋或高筋）、凉水、食用油
低卡低脂烤箱版鸡米花,8,Rui_Rui_Rui_Q,鸡蛋、鸡胸肉、面包糠、胡椒粉、辣椒粉、料酒、盐
咖啡榛果软欧,5,啊呜511,高筋粉、开水、高筋粉、全麦粉、细砂糖、盐、耐高糖酵母、牛奶、水、咖啡粉、黄油、耐烤巧克力、榛子仁、酒渍蔓越莓干
酸奶老面包(最好吃没有之一）,69,红叶99,老面酵头材料、高筋面粉（舒可曼）、低筋面粉（舒可曼）、糖、酵母、酸奶、牛奶、主面团材料、高筋面粉（舒可曼）、低筋面粉（舒可曼）、糖、盐、奶粉、全蛋液、酸奶、黄油、刷表面黄油
墨西哥卷饼,36,一只梨花压海棠,中筋粉、酵母、盐、橄榄油、水
蔓越莓饼干（君之配方改良，易操作版）,71,涵妈diy,低筋粉、鸡蛋液（全蛋打透）、黄油、糖粉（细砂糖）、蔓越莓干
豆角炒鸡蛋,13,LiLith,豆角、鸡蛋、油、盐、鸡精
紫薯馒头,21,Tam晓晓,紫薯、酵母、面粉、白糖、牛奶
红糖发糕,60,自小兔家厨房,低筋面粉、红糖、开水、泡打粉
玉米炒肉末【超级下饭的快手家常菜】,14,玉饔人Aka,玉米、番茄、肉末、蒜、葱、生抽、盐、味精
珍珠,6,手机用户4769_19w5,木薯粉100、红糖40、水65、白砂糖
满足你的偷学欲望，“鲜芋仙”的三色芋圆在家也能轻松搞定！——三色芋圆,42,孔老师教做菜,芋头、红薯、紫薯、木薯粉、牛奶、炼乳、熟红豆
奶香馒头,44,桃梦儿,中筋面粉、纯牛奶、水、糖、盐、安琪即发酵母（耐高糖）
零失败姜撞奶,5,Kwong_Mon,纯牛奶（全脂）、老姜、细砂糖
蒜蓉娃娃菜,7,楊丁丁,娃娃菜、大蒜、淀粉水、盐、小葱、火腿肠、油
闻妈的馒头方子,7,我是阿舟子,中粉、牛奶（加水的可减少）、盐、糖、酵母
谁都可以做出好吃的红烧肉,26,小美的美食,五花肉、八角、香叶、桂皮、大葱、姜片、酱油、老抽、冰糖
焦糖奶茶,38,ran,牛奶、茶叶、糖
【西安小吃系列】 7:古早味凉皮,11,静的时光9,面粉、水、外径24凉皮锣锣、熟食用油、油泼辣子、盐
什锦granola烤燕麦片丨健康·零食,8,Sunny_Kreglo,生南瓜籽、生葵花籽、生白芝麻或生亚麻籽、快熟燕麦片（old-fashioned rolled oats）、生杏仁，切大块、无糖椰片（unsweetened coconut flakes）、肉桂粉、枫糖浆或蜂蜜或糙米糖浆、海盐、椰子油、香草精、杏干，切小块、葡萄干、樱桃干或其他果干，如菠萝干、芒果干等
PH大师的金宝顶蓝莓马芬,13,大脸猫爱烘焙,黄油、淡奶油、鸡蛋、柠檬皮屑、中筋面粉、白砂糖、盐、无铝泡打粉、蓝莓、黄油、白砂糖、杏仁粉、中筋面粉
超下饭的肉末茄子,52,肥Dudu,中等身形的茄子、猪肉末、姜末、葱末、蒜末、生抽、料酒、白砂糖、盐、淀粉、豆瓣酱
红烧肉沫茄子,162,梅子厨艺,茄子、猪肉、小米椒、葱、姜、蒜、生抽、料酒、白胡椒粉、老抽、生粉、盐、郫县豆瓣酱、白糖
黄金南瓜小面包,8,红叶99,高筋面粉、熟南瓜泥、牛奶、全鸡蛋液、盐、白糖、酵母、黄油、豆沙馅、细棉线
椰蓉果酱面包（好好吃）,14,红叶99,高筋面粉、低筋面粉、牛奶、奶油、全蛋液、盐、糖、酵母、黄油、果酱、椰蓉、全蛋液（刷表面）、白芝麻（表面用，可无）
超开胃凉拌紫甘蓝,8,AKane,紫甘蓝、盐、白糖、白醋、味精、麻油、其它佐料
韩式南瓜粥,5,呤儿,南瓜、糯米粉、盐、冰糖
美味到不行的南瓜饭,9,格林gelin,南瓜、米饭、猪肉、干香菇、虾皮或虾米、盐、酱油、葱、蒜
麻薯香芋酥/台湾大甲芋头酥(无猪油完美复刻2015.10修订各种抹茶酥、绿茶酥、蛋黄酥、紫薯酥通用哟）,10,Eeeki小喵叶,（芋泥）台湾槟榔芋头、（芋泥）淡奶油、（芋泥）炼乳、（芋泥）黄油、（水油皮）中筋面粉（普通面粉）、（水油皮）糖、（水油皮）水、（水油皮）室温软化无盐黄油、（油酥）室温软化无盐黄油、（油酥）紫薯粉、（油酥）低筋面粉
奥利奥咸奶油蛋糕,8,曲觞君,淡奶油、糖、盐、奥利奥
燕麦花生酥丨健康·零食<好好吃饭6>,8,Sunny_Kreglo,无糖无盐花生酱（或芝麻酱、杏仁酱）、蜂蜜或生蜂蜜（raw honey）、香草精或香草粉、肉桂粉、快熟燕麦片（old-fashioned oats）、葡萄干、海盐或食盐
肉末炒冬瓜(超下饭),9,性感的毛毛虫,肉末、冬瓜、盐、耗油、老抽、蒜末、小葱
葱香肉松排包,19,惠妈妈hui,高筋面粉、牛奶、淡奶油、糖、盐、酵母、黄油、肉松、葱、炒香白芝麻
牛奶面包---5°冷藏基础发酵,18,啊呜511,高筋面粉、奶粉、酵母、盐、糖、牛奶、全蛋液、黄油
豆沙扭扭酥,14,啊呜511,中筋粉	100克 玉米油	15克 细砂糖	5克 水	50克、黄油 32克 低粉 64克、豆沙馅 250克、蛋黄 1个 白芝麻 适量
水晶紫薯糕,16,C妈小厨娘,紫薯、西米、蜂蜜、白糖
马卡龙（法式蛋白霜）,36,小莫_xm,蛋白、砂糖、杏仁粉、糖粉、细盐 (可不放)、塔塔粉 (可不放)
香蕉芒果披萨,10,Feng意画,9寸披萨饼底、香蕉、小台芒、马苏里拉奶酪、沙拉酱、蔓越梅干、黑芝麻
肉松贝贝,44,开心远妈,鸡蛋、糖、植物油、牛奶、低筋面粉、沙拉酱、肉松
心形椰蓉面包,37,飘雪小厨,中种面团、高粉、牛奶、全蛋液、细砂糖、酵母、主面团、高粉、低粉、细砂糖、盐、奶粉、牛奶、黄油、椰蓉馅、黄油、细砂糖、鸡蛋液、牛奶、椰蓉
柠檬百香果鸡爪,113,懒饭美食,鸡爪、百香果、柠檬、大蒜、小米辣、线椒、生抽、盐、糖、姜片、料酒、水、香菜、洋葱、大葱
全麦贝果,8,小荷悠悠清莲语,高筋面粉、全麦面粉、即发干酵毌、糖、盐、水、黄油、煮贝果的糖水：水、细砂糖
奶油南瓜吐司,4,啊呜511,面包粉	350克 全蛋液 50克 淡奶油 100克 牛奶 110克 耐高糖酵母 3克、面包粉	150克 南瓜泥 145克 糖 50克 盐	6克 耐高糖酵母 2克 黄油 15克
纸杯戚风蛋糕,4,戴西西,低筋面粉、色拉油、鸡蛋、牛奶、细砂糖
咸蛋黄炒南瓜,9,E路拾缘,咸蛋黄、南瓜、蒜末、葱花、盐、食用油
哥本哈根13天减肥食谱,25,Gabriella淦淦,具体看步骤哦，建议肉蛋类提前买好，果蔬类可以天天买新鲜的、果蔬类、肉蛋类、饮料类、主食类、其他类
一次发酵椰蓉餐包,11,Kuze,高筋粉、砂糖、盐、奶粉、鸡蛋液、水、黄油、发酵粉、表面材料、蛋液，椰蓉
蔓越莓优格小面包块,16,啊呜511,高筋面粉	200克 低筋面粉	30克 细砂糖	40克 盐 3克 耐高糖酵母 2.5克 全蛋液 35克 优格酸奶 40克 牛奶 86克 黄油 20克、蔓越莓干	适量 炼奶 适量、全蛋液 适量
无油酸奶小蛋糕,27,唐小唐妈妈,酸奶、低筋面粉、细砂糖、鸡蛋
蓑衣黄瓜,13,milkshakel,黄瓜、食盐、醋、鸡精、蒜、干辣椒、生抽、白糖、芝麻油、水、植物油
焦糖奶油吐司,26,啊呜511,王后日式面包粉（25KG装）、盐、糖、鲜酵母、全蛋液、焦糖奶油酱、冰水、黄油
步骤最全面的戚风蛋糕（八寸）做法，成功率高！,25,Guitar丶刘,鸡蛋、白砂糖（蛋黄）、白砂糖（蛋白）、水或者牛奶、玉米油（无特殊气味的油）、低筋面粉、柠檬汁或者白醋、泡打粉、食盐、香草精
这个生巧克力的方子，简单简单最简单,11,任性厨房,65%黑巧克力、牛奶巧克力、蜂蜜、淡奶油、无盐黄油、朗姆酒、可可粉
柠檬泡椒凤爪,31,LuoFaiFai,鸡爪、泡椒、八角、香叶、花椒、生姜、白酒、醋、盐、柠檬、小米椒
超简单的草莓芝士蛋糕,32,镜月之鱼,奶油奶酪（芝士糊）、淡奶油（芝士糊）、酸奶（芝士糊）、吉利丁片（芝士糊）、糖粉（芝士糊）、朗姆酒（芝士糊）、柠檬汁（芝士糊）、消化饼干（打底的饼胚）、融化的黄油（打底的饼胚）、草莓、装饰糖粉适量、装饰的淡奶油（+5克糖打发）
大白馒头 Steamed Bun,5,yanyanfoodtube,面粉、水、酵母、白砂糖
零失败日式草莓牛奶冻,19,懒饭美食,牛奶、吉利丁片、白糖、草莓
新奥尔良烤鸡翅,39,肉肉小兔纸,鸡翅、奥尔良烤翅腌料、白芝麻、蜂蜜
奶黄馅儿和奶黄包,17,我很家常,鸡蛋、白糖、牛奶、黄油、盐、普通面粉或低筋面粉、奶粉、面皮儿：、普通面粉、牛奶、酵母粉
肉松拔丝小蛋糕,16,cecilia咸味阳光,材料A、蛋黄、牛奶、无味油、低粉、肉松、盐、材料B、蛋白、柠檬汁、细砂糖
咸摩卡奶油卷/完美毛巾面技巧+回味无穷摩卡配方/烘焙视频蛋糕篇9「中卷」,12,月梦kelly,鸡蛋、低筋面粉、细砂糖、植物油、热水、可可粉、速溶黑咖啡粉、淡奶油、细砂糖、盐、可可粉、速溶黑咖啡粉
自制豆腐脑,12,草様年華,黄豆、水、内酯
超级嫩滑蛋挞做法,23,Wendy-_-女亭,牛奶、淡奶油、细砂糖、蛋黄、蛋挞皮（现成买的）
老丁的私房菜-美极杏鲍菇,13,老丁的私房菜,杏鲍菇、胡萝卜、青椒、黑胡椒，盐，淀粉，大蒜
全蛋法打发原味海绵杯子蛋糕,19,幸福de眼泪爱美食,鸡蛋、细砂糖、低筋面粉、牛奶、黄油/椰子油/色拉油
家常肉饼,12,Yvonne徐,猪肉、大葱、调肉馅的佐料、面粉、水、植物油（烙饼时放）
汉堡（基础汉堡胚做法）,39,TheRed,高筋面粉、糖、水、酵母、黄油、全蛋液、盐
胡萝卜木耳鸡蛋素包子,38,食肆巷子,胡萝卜、鸡蛋、木耳、小葱、姜、花椒粉、香油、温水、面粉、酵母
北海道戚风杯,29,啊呜511,牛奶400克、细砂糖99克、蛋黄94克、低粉26克、玉米淀粉13克、无盐发酵黄油20克、淡奶油250克、蛋白4个、柠檬汁少许、细砂糖30克、蛋黄4个、细砂糖10克、玉米油30克、牛奶30克、低筋面粉32克
麻将巧克力之刘小喵超详版,5,刘小喵喵,白巧克力、黑巧克力、坚果仁、巧克力蛋糕胚
【健康零食】至简全麦脆饼,6,Sunny_Kreglo,全麦粉、盐（可选）、水（室温）
原味黄油曲奇饼干,39,吃荤的兔子,黄油、糖粉、蛋黄、柠檬汁、低筋面粉、盐
红茶控的日常——伯爵奶茶戚风,10,天然气小姐—Ariel,鸡蛋（带壳重约60-65g）、牛奶、伯爵红茶、色拉油、低粉、盐、糖（全蛋白用）、柠檬汁
葱油面（汪涵天天向上版）,8,阳光-103,挂面、小葱、味极鲜酱油、白糖、油
鸡蛋小饼干,163,曼小曼__,鸡蛋、蛋黄、细砂糖、低筋面粉
番茄牛腩,18,冇伱灬冇我,牛腩、西红柿、冰糖、桂皮、八角、香叶、生姜、洋葱、陈醋、啤酒、油、盐、生抽、白或黑胡椒粉、鸡精
自制纯天然蔬菜汁彩色面条,12,玉池桃红,面粉800克，菠菜一小把，胡萝卜一个半，西红柿两个，紫甘蓝四分之一个。清水适量。
奶油蘑菇汤（完美比例版）,19,瑶瑶丫头42,黄油、面粉、奶油、凉水、盐、白胡椒、培根、蘑菇
提褶包 包教包会的包子,6,頭露,美玫面粉、酵母、白糖、水、香菇肉末
自制鸡米花——味道赛过肯德基,14,玉池桃红,鸡胸肉两块，鸡蛋两个，淀粉适量，面包糠适量，盐，胡椒粉，油。
奥尔良烤翅(详细版),73,拂晓后的风,鸡翅、奥尔良烤翅调料、蜂蜜、清水、白芝麻
番茄炒蛋--15张图教你做出最美味的番茄炒蛋,36,少年超,番茄、土鸡蛋、青椒、小葱、糖、盐、番茄酱、料酒
蔓陀罗（完胜原麦山丘）,5,超超超圆脚豆,高筋面粉、全麦面粉、红糖、盐、酵母、鸡蛋、冷水、蔓越莓干、核桃、无盐黄油
【健康零食】燕麦坚果意式脆饼,12,Sunny_Kreglo,即食燕麦片（rolled oats）、全麦粉、中筋面粉、泡打粉、小苏打粉、肉桂粉、细海盐、大号鸡蛋（室温）、蜂蜜或枫糖浆或黑糖蜜或龙舌兰蜜、椰子油或橄榄油或葡萄籽油、香草精、核桃或山核桃（切成大块）、葡萄干或其他果干（大果干就切成大块）
简单易学的宝宝馒头,8,一口气吃三个面窝,面粉、水、酵母
京酱肉丝,12,奚姥姥,里脊肉、甜面酱、白糖、酱油、淀粉、蛋清、料酒、胡椒粉、盐
虾仁豆腐蒸水蛋,16,E路拾缘,内脂豆腐、鸡蛋、清水、虾仁、香葱、蒸鱼豉油、盐、香油
百香果皮糖——百香果皮再也不浪费了！,6,狸猫小姐_,百香果皮、冰糖、盐、水、柠檬
开放式三明治,6,Tracy易彩,切片面包、果酱、培根、鸡蛋、芦笋、芝麻菜、各种颜色的水果、只要喜欢的都可以放
芒果酥,15,厦门沙滩贝壳,芒果、蛋哒、鸡蛋、黑芝麻
绿豆糕,10,爱的田美,带皮绿豆、白砂糖、蜂蜜、黄油、芝麻油
土豆炖茄子,19,冇伱灬冇我,茄子、土豆、小米椒、大蒜、油、盐、白糖、白胡椒粉、生抽、鸡精、芝麻油
广东肠粉（精心调制）,40,红果甜焙,粘米粉、澄粉、玉米淀粉、水、鸡蛋、酱料、生抽、老抽、蒜蓉、盐、虾仁或是虾米、植物油
小猪佩奇场景蛋糕,10,taze又妈,六寸戚风蛋糕、淡奶油、甘纳许、色素、巧克力
锡纸金针菇（家庭版）,20,这个厨子不太冷,金针菇、小米辣、小葱、大蒜、耗油、豆油、海鲜酱油
婴儿辅食：彩色卡通蝴蝶面,5,一天死去一点、,火龙果、菠菜、南瓜、紫甘蓝、面粉各配
松软香嫩的西红柿鸡蛋饼,9,你的没头脑我的不高兴,西红柿、鸡蛋、面粉、玉米油、小葱
紫米馅老婆饼超快手（不用出膜不用醒面）,15,淡然-微笑,水油皮、中筋面粉、白糖、猪油、沸水、油酥、低筋面粉、猪油、馅料、紫糯米馅、刷表面蛋黄
薯片牛油果大虾沙拉,11,细嗅蔷薇natalie,牛油果、黄瓜、芒果、虾仁（我是鲜虾现剥的）、沙拉酱（或者浓稠酸奶）、青芥末、原味薯片
青井老师の原味戚风,14,天然气小姐—Ariel,鸡蛋（带壳约60g/个）、色拉油、牛奶、低粉、糖、柠檬汁
迷人的火龙果溶豆酸奶溶豆宝宝辅食,16,糖糖贞贞,蛋白、婴儿奶粉1-2段、玉米淀粉、柠檬汁、火龙果汁、细砂糖
戚风蛋糕（不回缩，裱花打底首选）,28,躺着吃饺子,蛋黄液、蛋黄、糖粉、色拉油、牛奶、低筋粉、泡打粉、蛋白液、蛋白、糖粉、柠檬汁
自制蜜红豆,18,啊呜511,红小豆、水、老冰糖、白糖、浸泡用清水
超好吃的肉松面包,46,浪漫春天,高筋面粉、耐高糖酵母、白糖、鸡蛋、牛奶、盐、黄油、馅料；、猪肉松、沙拉酱、芝麻（表面）、鸡蛋液（面包表面）
黑米奶香馒头,13,红叶99,普通面粉、黑米粉、酵母、白糖、牛奶
咖喱土豆鸡块,38,April_sky,鸡胸肉、土豆、洋葱、胡萝卜、咖喱、生抽、盐、黑胡椒粉
十分钟做好吃的红烧对虾,17,patchi,对虾、料酒、糖、生抽、淀粉、蒜末
KFC超简单葡式蛋挞,13,刘付丽敏,淡奶油、纯牛奶、白糖霜、蛋黄、炼奶、蛋挞皮
奶香椰浆馒头,6,一只梨花压海棠,中筋面粉、糖、蛋清、牛奶、水、椰浆、奶粉、酵母、泡打
油面筋酿肉,12,偏离.于墨尔本.,油面筋、猪肉馅、干香菇、香葱、姜、生抽、盐、香油、白砂糖、老抽
巧克力蔓越莓软欧,8,啊呜511,高筋面粉、超细麦麸、法芙娜无糖可可粉、盐、黑糖、耐高糖酵母、水、黄油、耐高温巧克力豆、酒渍蔓越莓
【饼干】曲奇饼干,12,房先生手作,低筋面粉、黄油、鸡蛋、白砂糖、糖粉
斑马纹戚风蛋糕,6,悠然爱烘焙,鸡蛋5个（每个带壳60克）、牛奶50克、白砂糖80克（蛋黄放25克，蛋白放55克）、柠檬汁或白醋几滴
五香茶叶蛋,47,一只梨花压海棠,鸡蛋、八角、香叶、桂皮、小茴香、糖、盐、老抽、生抽、水、红茶茶叶、
6寸原味戚风蛋糕,81,Chu的三分之一,01 蛋黄、02 细砂糖、03 植物油、04 牛奶、06 蛋白、07 细砂糖、08 低粉
奶油奶酪司康,7,过于傲娇就是欠削,奶油奶酪、低筋面粉、黄油、细砂糖、牛奶、泡打粉、蛋黄液
少女心的渐变吐司,17,Eva_M,金像高粉、酵母、液体、盐、糖、黄油、红曲粉
金针菇培根卷,35,爱纪路,培根、金针菇、蚝油、生抽、糖、胡椒粉、牙签
砂糖奶油面包,11,红叶99,高筋面粉、低筋面粉、水、全蛋液、淡奶油、糖、盐、酵母、黄油、淡奶油、细砂糖（糖粉）
电饭煲蛋糕，无需称,34,沛瑶妈咪,鸡蛋、低筋面粉、纯牛奶、玉米油、绵白糖、白醋
几分甜香芋奶冻卷/卷不裂配方+新鲜香芋奶油+入口即化奶冻/烘焙视频蛋糕篇7「薄卷」,8,月梦kelly,鸡蛋、植物油、细砂糖、牛奶、低筋面粉、香草精、（简称：、淡奶油、牛奶、吉利丁片、细砂糖、生芋头、淡奶油、细砂糖
自制各种果味酸奶溶豆,8,秋影77,自制酸奶、宝宝一，二段奶粉、玉米淀粉、白砂糖、鲜柠檬、蛋白
最好吃的扬州狮子头,5,一畦春韭绿,猪肉（夹心或者五花肉)、葱姜末、盐、生粉、生抽、老抽、糖、鸡蛋
草莓芝士蛋糕（6寸）,13,_云上有晴天_,奶油奶酪、黄油、吉利丁粉、牛奶、奥利奥饼干、稀奶油、糖霜、新鲜草莓、6寸活底蛋糕模
马芬蛋糕（基本拌和法）,12,烘焙帮阿涛,全蛋液、糖粉、盐、黄油、牛奶、低粉、泡打粉
红枣红豆薏仁牛奶粥,11,粽子大人,红豆、薏米、红枣、冰糖、纯牛奶
蜂蜜柠檬片,16,意子衿,鲜柠檬、纯蜂蜜
菠萝咕咾肉,151,冇伱灬冇我,里脊肉、青灯笼椒、红灯笼椒、菠萝、盐、白胡椒粉、白糖、啤酒、鸡蛋、红薯粉或淀粉、番茄酱、白糖、白醋（可不放）、淀粉水
黑米糕,250,木亭子96,黑米粉、大米粉（粘米粉）、糯米粉、鸡蛋、白砂糖、牛奶、无味植物油、柠檬汁、桂花
自制豆腐、豆腐脑（超详细）,23,suessTT,有机黄豆、清水、内酯
凉拌莴笋丝,5,冇伱灬冇我,莴笋、大蒜、小米椒、油、盐、白糖、白胡椒粉、生抽、啤酒、香醋、芝麻油（香叶）
绿豆糕,82,泳歌,脱皮绿豆、黄油或玉米油、细砂糖、麦芽糖、抹茶粉(若竹)、奶黄馅(可选)
南瓜双色花卷,18,家味香厨房,普通面粉（白色）、温水、牛奶、酵母、糖、面粉（黄色面团）、蒸熟南瓜泥、牛奶、酵母
零失败戚风蛋糕,12,饭饭,原味戚风、鸡蛋、细砂糖（蛋黄部分）、细砂糖（蛋白部分）、植物油、水、低筋面粉、抹茶戚风、抹茶粉、可可戚风、可可粉
凉拌金针菇,7,小美的美食,金针菇、酱油、黑醋、盐、小米椒、干辣椒、葱、蒜、油
经过多年实验的骨灰级烤鸡翅,14,Hsichi在岛,鸡翅、料酒、辣椒油、花椒油、麻油、蚝油、豆瓣酱、孜然、生抽、辣椒粉、糖、老干妈（重要！）
炸蘑菇,16,自闭儿童李啾啾,鲜蘑、鸡蛋、淀粉、面粉、盐
自制无添加草莓酱,89,小白素食记录,草莓、白糖或冰糖、柠檬
无糖香葱苏打咸饼干,12,王榴莲,低筋面粉、植物油、牛奶、酵母、盐、小苏打、香葱（只用葱叶）
凉拌黄瓜,50,韦欣欣,黄瓜、炸花生米、老干妈、酱油、陈醋、糖、香油、蒜
人气爆棚雪媚娘,9,牛奶4667,A：水磨糯米粉、鹰牌粟粉（玉米淀粉）、纯牛奶、细砂糖、B：黄油、C：淡奶油、糖粉
红糖发糕（成功率百分之百！）,200,妄想de甜甜圈,面粉（高、中、低粉都ok）、白糖、红糖粉、泡打粉（可不放）、安琪高活性酵母、水、鸡蛋
芒果奇亚籽布丁,2,小白素食记录,新鲜芒果、淡椰浆、奇亚籽、水、柠檬汁、枫糖浆
董太的私房菜--青菜炒香肠,2,董太,香肠、青菜、绿辣椒、蒜、葱、盐、糖
100%全麦土司,2,airuibao,全麦面粉（汤种）、水、全麦面粉（主面团）、牛奶（主面团）、全蛋（主面团）、酵母（主面团）、黑糖（主面团）、盐（主面团）、黄油（主面团）
脆皮烧肉,2,伊斯特艾格,猪五花肉、盐、姜
自制广东河粉,2,潘庄,粘米粉..150g、勾芡淀粉类15g、植物油2--3G、植物油（打模用）
💕【情人节】爱心红丝绒蛋糕+奶油奶酪霜,2,deteleeeee_,鸡蛋、白砂糖、牛奶、植物油、盐、柠檬汁、红曲粉、可可粉、低筋面粉、（以上为蛋糕体）、奶油奶酪、黄油、白砂糖、（以上为奶油奶酪霜）
家常蛋炒饭,30,呤儿,米饭（冷饭）、鸡蛋、午餐肉、青豆仁、胡萝卜粒、玉米粒、盐、料酒、鸡粉
《Tinrry下午茶》教你做牛奶糖,2,Tinrry甜悦,淡奶油、细砂糖、水饴、盐、淡奶油、细砂糖、水饴、盐、抹茶粉
🧀️奶酪芝士玉米粒沙拉（微波炉版）,2,SanShun,玉米粒、沙拉酱、芝士
宝宝辅食：拌饭芝麻海苔-12M+,2,窝小芽-宝宝辅食,紫菜、白芝麻、植物油/香油
烤冷冻鸡块（麦当劳肯德基）,2,echora17,冷冻黑椒鸡块
（低于500卡快手菜）西兰花炒鸡胸肉,2,豌豆小姐笑笑,无皮鸡胸肉、西兰花、盐、蒜、姜
创意向日葵太阳火腿蛋,2,80斤小仙女,鸡蛋、火腿肠
水煎包,9,天使妈妈-1,肉馅、葱 姜、白菜、木耳、花生油、香油、生抽、老抽、盐、酵母、面粉、白糖、水
蛋香十足の海绵杯子蛋糕，伴手礼好选择。,8,子-迪,鸡蛋（带壳55g1个）、低粉、细砂糖、色拉油、果干
乾隆白菜,2,豆宝的娘亲,大白菜叶、芝麻酱、米醋或陈醋、蜂蜜、白糖、盐和味精
Bakingpie-彩虹慕斯蛋糕,2,Bakingpie,奶油芝士、细砂糖、柠檬汁、吉利丁粉、水、淡奶油、消化饼干、黄油、色素
菠菜鹰嘴豆温沙拉 【冬天也可以愉快吃的沙拉】,2,偏离.于墨尔本.,鹰嘴豆、菠菜、芝麻酱、色拉油、盐、生抽、白砂糖、蒜
百香果益力多  你今日饮佐未？,2,湾湾小厨,百香果、益力多
茼蒿丸子,2,逗蟲蟲,茼蒿、普通面粉、油、盐、五香粉（或十三香）
【生酮】西兰花底Pizza,2,yoyo的和弦,西兰花、鸡蛋、马苏里拉、帕玛森芝士粉、披萨草、黑胡椒、洋葱、盐、杏仁粉、披萨酱或番茄酱、辣椒
糖醋软骨,2,秀外慧中胖妹子,猪软骨、料酒、老抽、米醋、白糖、盐、姜片
【桃花酥】,17,日食记,中筋面粉、植物油、糖粉、沸水、猪油、红菜头粉、豆沙、白莲蓉、鸡蛋、熟黑白芝麻
苹果隐形蛋糕,2,夕颜_liu,苹果（每个约200克）、鸡蛋、细砂糖、牛奶、黄油，融化的、低筋面粉、杏仁片、糖浆、细砂糖、黄油、奶油
超好吃又快手的鲜虾意大利面,2,MARK麻麻,意大利面、虾、葱姜蒜、蚝油、老干妈、生抽、糖、盐
香蕉核桃蛋糕（低油少糖健康版）,28,逸雪6,熟透的大香蕉、低筋面粉、鸡蛋、小苏打、泡打粉、玉米油（无味植物油）、白糖、生核桃仁、28金盘
美善品-雪花酥,2,白菊的食色空间,黄油、棉花糖、盐、奶粉、综合坚果、饼干、奶粉（撒粉）
无添加烤草莓干,2,小小小飞羊,草莓
牛油果磅蛋糕,2,瘦肉皮凍,牛油果肉、低粉、糖粉、泡打粉、baking soda、鸡蛋
宝宝零食—酥香小馒头,37,蝶影_81,土鸡蛋、低筋面粉、土豆淀粉、宝宝奶粉、细砂糖、黄油、无铝泡打粉
果酱小酥饼,2,Mis晓,黄油、糖粉、炼乳、低筋面粉、杏仁粉(玉米淀粉)、蓝莓果酱(其他果酱)
蒜香面包,11,叶子de烘焙,高筋面粉、低筋面粉、糖、盐、酵母、鸡蛋、水、黄油、葱末、蒜蓉酱用黄油、蒜蓉酱用蒜蓉、蒜蓉酱用盐
"海盐香草巧克力大曲奇
★经典配方★",3,小玉儿HiJade,无盐黄油、黄砂糖、细砂糖、香草精、较大鸡蛋、低筋面粉、小苏打、泡打粉、海盐、巧克力豆(块)
水煮鱼,2,草莓芒果大鸭梨,大头鱼、莴笋、金针菇、杏鲍菇、黄豆芽、香葱、蒜末、姜片、干辣椒，花椒，郫县豆瓣酱
酱木瓜条,2,烟火婆娘,蒜、生抽、小米红椒、老冰糖、干木瓜条、姜
葱花蛋饼（快手营养早餐）,45,安小厨的大胃,鸡蛋、面粉、盐、水、油、香葱
青椒小炒卤牛肉,2,希洛大大大大人,卤牛肉、青椒、干红椒、姜、蒜、卤牛肉的卤汁、生抽
糖醋土豆,15,～孙小妞～,土豆、料酒、生抽、白糖、醋、清水、白芝麻
香菇萝卜干虾米焖饭,3,WantingSu,干香菇、大米、虾米、萝卜干、姜蓉、生抽、老抽、油、盐
蘑菇包（奶黄馅）,2,坐看云起nj,中筋面粉、酵母粉、牛奶、鸡蛋、黄油、糖、澄粉、炼乳、可可粉
抹茶吐司（面包机版）,3,Miss漠涵,高筋粉、抹茶、酵母、牛奶、盐、砂糖、黄油、鸡蛋
饺子馅 饺子 包子馅 包子,23,初丯九,猪肉、芹菜、葱姜、酱油、料酒、耗油、花椒粉或十三香粉、糖、盐、热油、香油
经典戚风——拜拜蛋糕（中空、圆模均可）,9,天然气小姐—Ariel,色拉油、牛奶、蛋黄、低粉、蛋白、白砂糖、柠檬汁
六寸戚风,3,幸福猪-1,鸡蛋带壳、牛奶、玉米油、绵白糖、低粉
可可蛋糕卷,46,绿野仙踪wu,鸡蛋（新鲜）、细砂糖（蛋黄糊用）、无味植物油、可可粉、温水、低筋面粉、细砂糖（蛋白霜用）、蛋糕卷夹馅：、淡奶油、细砂糖、可可粉
饺子皮橄榄菜肉末饼,3,CHERRY蕾,饺子皮、肉末、橄榄菜
山药胡萝卜炖排骨,3,〆咽涙裝歡,排骨、山药、胡萝卜、葱、料酒、盐、枸杞、味精、八角
奶香紫薯燕麦糊,2,TheRed,小紫薯、免煮燕麦、牛奶、蜂蜜
脆皮烤鸡,9,麦和夕,整鸡、盐（海盐最好）、胡椒（现磨）、百里香（干燥）
凉拌黑木耳,28,呤儿,黑木耳、大蒜、小葱、干红辣椒、生抽、陈醋、白糖、麻油、鸡粉
无油健康香酥鸡柳,2,蜜笈私房,鸡胸肉、鸡蛋、生粉、盐、黑胡椒、面包糠、料酒、鸡精
香浓核桃炖蛋,3,壹的梦想,鸡蛋、核桃、红糖、黄酒、水
绝味卤鸡爪,2,芸硕妈咪,鸡爪、桂皮、料酒、生抽、老抽、冰糖、生姜、大蒜、香葱
酸辣土豆,28,冇伱灬冇我,土豆、小米椒、大蒜、葱、油、醋、盐、啤酒、白糖、白胡椒粉、生抽、香油（芝麻油）、鸡精
素炒蟹味菇,3,墨墨小馋猫,蟹味菇，白玉菇、红尖椒，绿尖椒、姜，蒜
中岛老师的抹茶麦芬,3,小小小飞羊,A、低筋粉、抹茶粉、泡打粉、B、豆浆(原味)、黄蔗糖、菜籽油、枫糖浆、C、蜜红豆
波兰酵头北海道吐司,11,leibaobao00,高筋粉、水、干酵母、高筋粉（金像）、细砂糖（不甜，你可以增加到40克）、盐、鸡蛋、淡奶油、牛奶、干酵母、无盐黄油、水（原方无，看情况添加）
清炒芥菜,2,爱丽远,芥菜、生姜、油、盐、味精
快手家常糖醋排骨,3,施施小妆--ZZ,小排、冰糖、生抽、香醋、排骨汤、葱姜料酒、熟白芝麻、香葱末
【荷香糯米鸡】,2,日食记,鸡腿、糯米、荷叶、干香菇、干贝、青豆、姜、干辣椒、料酒、蚝油、淀粉
童年的回忆 — 油墩子（萝卜丝饼）,3,笑着爱你,白萝卜、面粉、油、麻油、盐、胡椒粉、葱
超简单的菜  可乐鸡翅,33,小美的美食,鸡中翅、可乐、生抽、料酒、老抽
重料淡奶油吐司,2,leibaobao00,高筋粉（我用金像焙食尚各半）、细砂糖、鸡蛋、水（我加到80克）、牛奶（我加到55克）、淡奶油（我加到35克）、黄油、盐、干酵母（我只加2.8克）、奶粉
入口即化の棉花蛋糕,97,过于傲娇就是欠削,鸡蛋、低筋面粉、牛奶、玉米油、细砂糖、白醋、精盐
生 酮华夫饼,3,清晨茉莉qfj,鸡蛋、泡打粉、椰子面粉、淡奶油、水、杏仁粉
网红脏脏卷，比脏脏包更好吃哦,15,烘焙疯子Ella,蛋白、砂糖A、柠檬汁、蛋黄、砂糖B、低粉、可可粉、黄油、淡奶油、可可粉、砂糖、淡奶油、市售酸奶、砂糖、速溶咖啡与热水1：1溶液
胡萝卜吐司,2,惠妈妈hui,高筋面粉、胡萝卜汁、胡萝卜渣、全蛋液、糖、盐、酵母、黄油
最下饭的锅塌豆腐,18,前定集,北豆腐、鸡蛋、淀粉、葱姜、盐、糖、生抽、蚝油、泰椒、鸡精、香油
素干煸豆角,21,lmocha,豆角、蒜、姜、干辣椒、花椒、酱油、盐、糖
超好吃的汤粉 江西米粉,3,萘莨,江西米粉、小米椒、葱、蒜、料酒、花生米、生抽、浓汤宝牛肉浓汤、鸡蛋、醋、青菜、花椒粉
咖喱饭,3,亦荷yihe,咖哩块、胡萝卜、洋葱、鸡腿肉、土豆、豌豆、开水、米饭
火腿肠炒鸡蛋,2,恩泽宝贝,火腿肠、鸡蛋、盐
南瓜发糕——自制无添加剂的健康点心,3,圆猪猪,材料A：老南瓜去皮、普通面粉、白糖、葡萄干、材料B：酵母粉、清水
咖啡焦糖坚果磅蛋糕<熊谷裕子>,3,姗胖胖,<焦糖酱坚果>、淡奶油、细砂糖、水、坚果（山核桃、榛果）、<磅蛋糕面糊>、黄油、三温糖（可用黄砂糖或细砂糖代替）、全蛋、低筋面粉、泡打粉、速溶黑咖啡（粉末状）、<装饰>、糖粉、速溶黑咖啡（粉末状）、水
懒人版糖醋排骨,191,小辞xiaoci,猪小排、料酒、盐、酱油、米醋、白糖、姜片
法式长棍,2,CindyD,高筋面粉、即发干酵母、盐、水
超好吃的黑芝麻蔓越莓吐司,3,爱做面包的招毛毛,中种面团、面包粉、水、酵母、主面团、面包粉、酵母、细砂糖、盐、奶粉、蛋液、水、黄油、炒香的黑芝麻、剪碎的蔓越莓干
微波炉烤红薯,3,呤儿,红薯
雪花酥,16,小丫头mm,黄油  55g、棉花糖  300g、奶粉160g、坚果.蔓越莓    150g、饼干  200g
鲜橙吐司,2,下山虎虎,高筋面粉、白砂糖、鲜橙汁、牛奶、酵母粉、盐、奶粉、全蛋液（一个鸡蛋）、黄油
热狗面包胚（短棍面包）,3,夕阳珍,高筋粉、低筋粉、水、蛋液、盐、白砂糖、奶粉、酵母粉、黄油
【低碳水】柠檬奇亚籽司康,3,yoyo的和弦,奇亚籽、水、杏仁粉、小苏打、海盐、枫糖浆/代糖、椰子油、柠檬（皮屑）
懒人双皮奶,3,小羽私厨,牛奶、鸡蛋、白糖
法式香煎带子,3,巴黎食光,干贝、蒜末、黄油、茴香或百里香、白葡萄酒、盐、胡椒粉
【健康三餐】番茄蔬菜鱼汤,3,Sunny_Kreglo,龙利鱼、大西红柿、洋葱、料酒、白胡椒、姜、毛豆或豌豆或玉米粒、盐、甜菜叶或其他绿菜叶（推荐油菜、小白菜）、糖或甜菊糖、香油
酱爆香菇牛肉,3,_彷凰北墨_,牛肉丁，里脊部位最好、香菇，干的或者新鲜的都可以、杏鲍菇或者平菇、生抽、老抽适量、糖、盐适量、黑胡椒、生粉、葱、姜、蒜适量、可以加一点料酒
百香果柠檬蜜,12,璀璨星空_i7xk,百香果果肉、柠檬、冰糖
滑嫩嫩的蒸蛋羹,3,蓝_03tf,鸡蛋、温开水、味极鲜酱油、香葱或蒜苗、热油
家庭版干锅牛蛙,2,川妈小厨,牛蛙、洋葱、辣椒、芹菜、姜片、蒜头、郫县豆瓣、料酒、生抽、糖、葱、花椒、干辣椒
酱油炒饭【懒人版】,9,小土堆er,隔夜饭或凉米饭、鸡蛋、小葱、生抽、老抽、白糖、鸡精、白胡椒粉
《澄沙之味》铜锣烧的灵魂——红豆沙,4,T瞎子,红豆、糖、水
《Tinrry下午茶》教你做香酥花生曲奇,2,Tinrry甜悦,无盐黄油、盐、糖粉、鸡蛋、粗粒花生酱、低筋面粉
奶粉戚风蛋糕（消耗奶粉）,2,我是小妃不是大飞,奶粉、低筋面粉、水、鸡蛋、细砂糖、食盐、8寸圆形蛋糕模
炸带鱼（超简单）,3,番茄1106,鸡蛋、面粉、生姜、葱、料酒、盐
苹果松饼（一岁以上宝宝食用）,8,甜心妈咪！,苹果（黄金帅最佳，普通也可以）、鸡蛋、牛奶、低粉（普通也可以）
干炒牛河,10,苗兒的厨房,河粉、牛肉、绿豆芽、小葱、韭黄、鸡蛋、生抽、老抽、淀粉、糖、盐
大人小孩都爱不释口的【蜂蜜牛奶小餐包】,47,小辞xiaoci,高筋面粉、低筋面粉、蜂蜜、食盐、酵母、牛奶、鸡蛋、黄油、表面装饰用蛋液适量、白芝麻适量
烤箱版薯条,20,missyue,土豆、盐巴、橄榄油（或其他植物油）
《Tinrry下午茶》教你做糯米糍,56,Tinrry甜悦,芒果、牛奶、椰浆、糯米粉、椰蓉、糖粉、玉米淀粉、无盐黄油
健康菠萝果酱（面包机版）,2,西红柿蘸白糖,去皮菠萝一个、玉米淀粉、砂糖
宝宝辅食牛奶鸡蛋饼,4,lianpiaopiao,牛奶、低筋面粉、糖粉、黄油、鸡蛋
冰皮月饼（零失败）,3,金子-79,糯米粉、粘米粉、澄面粉、牛奶、糖粉、玉米油、莲蓉馅（或其他）、咸蛋黄、熟糯米粉
好看又好吃的《花式玫瑰煎饺》，据说这才是饺子的正确打开方式,3,玛丽莲萌鹿的魔法厨房,饺子皮、猪肉、醋、盐、胡萝卜碎、葱姜蒜、生抽、老抽、淀粉、白砂糖、红油辣子、蚝油、色拉油
极简的美味──蒜油意面,2,灿灿闪着光,直条形意大利面、蒜瓣、初榨橄榄油、辣椒片、欧芹
可可波点蛋糕卷,3,奇迹-75,可可粉、热水、鸡蛋、牛奶、玉米油、细砂糖、低粉、细砂糖（蛋白）、柠檬汁
【培根沙拉面包】,14,啊呜511,高筋面粉、低筋面粉、细砂糖、盐、奶粉、酵母、全蛋液、水、黄油、培根、冷冻什锦蔬菜粒、沙拉酱、马苏里拉芝士碎、香葱碎、现磨黑胡椒
白！香！软！甜！筋道的大馒头,30,红叶99,普通面粉（中筋）、酵母、糖、温水（手温）
蛋抱煎饺（速冻饺）,3,十三翻,速冻饺、油、水、碎葱、碎萝卜小粒、蛋、料酒
干炒牛河｜美食台,4,美食台foodvideo,新鲜河粉、牛肉、韭黄、小葱、豆芽、鸡蛋、老抽、生抽、糖、淀粉、水、花生油
脆爽萝卜丁（开胃小菜）,14,私厨文君,白萝卜、胡萝卜、白醋、白糖、盐、小米椒、柠檬
韭菜盒子,3,唐小唐妈妈,韭菜、面粉、鸡蛋、清水、盐、黑胡椒、食用油
龟苓膏,3,一只梨花压海棠,龟苓膏粉、冷水、开水、糖
小米锅巴,5,毒药_qt2n,小米适量、白面适量、水适量
蛋黄酥,107,小諾妈,油皮部分：、中筋面粉、猪油、糖、水、油酥部分：、低筋面粉、猪油、内馅、红豆沙、咸蛋黄、装饰：
椒盐蘑菇🍄之懒人版,2,香草冰激凌汪,蘑菇、鸡蛋、面粉、椒盐、油
冷吃兔,3,xiemoning,鲜兔、干辣椒、姜、蒜片、八角等各种香料、生抽、料酒、菜籽油
金枪鱼炒饭,4,P酱的凡凡,冷饭、鸡蛋、水浸/油浸金枪鱼罐头、生抽/酱油、韩式辣椒酱、芝麻油、黑胡椒、大葱/小葱、蒜蓉、海苔丝（碎）(可无）、白芝麻（可无）
烤排骨 Roast Pork Ribs -yanyanfoodtube,2,yanyanfoodtube,猪肋排、黑胡椒、蜂蜜、耗油、盐、蒜粉、洋葱粉、小茴香粉、孜然粉、肉豆蔻、辣椒粉、烟熏甜椒粉
天然酵种蓬松欧包,4,米茶Lynn,酵头、活跃的天然酵种（水粉1:1）、高粉、水、主面团、高粉、全麦粉、鸡蛋、牛奶、水、黑糖蜜或蜂蜜、盐、椰子油、酵头
好吃到流泪的炸鸡,18,马小芸,带皮鸡腿肉、面粉、淀粉、蒜、鸡蛋、姜、盐、生抽、橄榄油、糖、孜然粉、黑胡椒
黑芝麻蛋糕卷,3,E路拾缘,鸡蛋黄、砂糖、色拉油、清水或牛奶、黑芝麻粉、中筋面粉或低筋面粉、蛋白、白醋或柠檬汁、砂糖、鲜奶油、砂糖
蛋黄溶豆婴儿零食,3,海燕是羊羊麻麻,蛋黄、细砂糖、婴儿奶粉、柠檬汁、一次性裱花袋、电动打蛋器
香蒜软法（70%中种＋汤种）,2,超超超圆脚豆,＃70%种面团、高筋面粉、低筋面粉、细砂糖、鸡蛋、酵母、盐、牛奶、＃主面团、高筋面粉、低筋面粉、细砂糖、牛奶、无盐黄油、＃汤种、高筋面粉、冷水、＃蒜蓉泥、有盐黄油（若无有盐黄油，此处需加1克盐）、蒜蓉、＃装饰、葱末或者欧芹
藜麦吐司,2,啊呜511,面包粉、糖、盐、耐高糖酵母、奶粉、全蛋液、藜麦粥、水、黄油
生日蛋糕造型分享,3,泡泡鱼的幻梦,戚风蛋糕、奶油适量、巧克力适量、色素适量、用尽全部小心思！热爱家人的一颗心
酸奶戚风蛋糕（26厘米定制烤盘）,22,啊呜511,蛋黄、细砂糖、浓稠酸奶、玉米油、低粉、蛋清、细砂糖、柠檬汁
葱油拌面——5分钟早餐,11,小土堆er,挂面或手擀面、酱油、糖、葱花、油
红豆吐司,3,邢阿吻,高筋面粉、温水、白糖、玉米油、盐、酵母、红豆馅
芒果芝士慕斯,5,HAPPY-34,芒果、消化饼干、黄油、奶油奶酪、柠檬汁、动物性淡奶油、糖、吉利丁、牛奶
中式炒意面,2,丫丫菜窝,意大利面、胡萝卜、洋葱、生菜、鸡蛋、生抽、老抽、盐
草莓酒,2,baby安琪,草莓、白酒（朗姆酒）、柠檬、冰糖、密封玻璃瓶子
英式葡萄干scone（司康饼）,4,Amaranta,低筋面粉、黄油、葡萄干、盐、糖粉、鸡蛋、全脂淡奶油、泡打粉
小嶋老师的海绵蛋糕,2,那一天蝶舞,食材（八寸圆模一个）、全蛋液、细砂糖、水饴（可用蜂蜜替代）（也可多加8克白砂糖）、无盐黄油、牛奶、低筋面粉
【骨汤火锅】,3,日食记,筒子骨、葱、姜、料酒、牛奶、盐、厚百叶、菌菇、鲜虾、牛肉丸、鱼丸、香菇、玉米、耗油、香油、蒜、小米椒、芝麻
宝宝营养餐－鳕鱼香菇粥,5,小姐陈啊陈小姐,鳕鱼、香菇、小油菜、胡萝卜、大米粥
《Tinrry下午茶》教你做冰皮月饼,10,Tinrry甜悦,炼奶、澄粉、粘米粉、糖粉、糯米粉、玉米油、纯牛奶、鸡蛋、无盐黄油、甘粟仁、澄粉、奶粉、细砂糖、糯米粉
炒牛肉,4,小雲-1,牛肉、西芹、辣椒
超松软蜂蜜馒头、花卷的做法（不用泡打粉）,4,心香雨,低筋面粉、猪油、蜂蜜、水（牛奶）、酵母、手粉（低筋面粉）
电饭锅香菇香肠饭(●´∀｀●),4,LAWKITYUK,米、腊肠/香肠/热狗、香菇
消耗蛋白的好办法--懒人版双皮奶做法,11,纪念旅行,纯牛奶、蛋白、糖有一部分人说太甜如果不爱吃甜建议减糖
梅菜扣肉,3,恩泽宝贝,方块五花肉、梅干菜、八角、姜、蒜、蚝油、生抽、老抽、鸡精、料酒、白糖、高汤、红腐乳
我认为龙利鱼（巴沙鱼）最好吃的做法,4,小白-77,巴沙鱼柳、盐、黑胡椒、鸡蛋、淀粉、油、面包糠、十三香
绝味川菜—蒜泥白肉๑,4,C妈小厨娘,五花肉、黄瓜、胡萝卜、花椒油、独蒜、生抽、柠檬汁、辣椒油、白糖、盐、清水
酸汤蛋皮龙利鱼【食材包操作说明】,4,三刻321cooking,鸡高汤、蛋皮龙利鱼、油面筋、葱丝&红椒丝&香菜、秘制调味汁、白胡椒粉
椰蓉荷花酥,4,小荷悠悠清莲语,水油皮1:红曲水油皮、中筋面粉、猪油、细砂糖或糖粉、红曲粉，（或抹茶粉）、水、水油皮2:白色水油皮、中筋面粉、猪油、细砂糖或糖粉、水、油酥：、中筋面粉、猪油、椰蓉馅：、无盐黄油、鸡蛋、 椰蓉、糖粉、这个椰蓉馅是做两份荷花酥的量，因为我同时做了抹茶的荷花酥，你们用馅的时候先分一半，然后再平均分出做10个荷花酥的椰蓉馅
蛋黄酥（四色）,3,Tracy易彩,【水油皮】、中筋面粉、猪油（固体状）、细砂糖、盐、水、【油酥】、中筋面粉、猪油（固体状）、紫薯粉、抹茶粉、红曲粉、【馅儿】、咸蛋黄、油豆沙、【装饰】、蛋黄、芝麻
网红脏脏包制作详解,4,大猫还是小虎,高筋面粉、低筋面粉、可可粉、酵母、盐、糖、淡奶油、鸡蛋、水、黄油、片状黄油、巧克力、巧克力、淡奶油、可可粉
蒜薹香干（蒜苔）,3,一木甜家SoSweet,蒜薹、香干、生抽、老抽、糖
椰汁桂花糕   #夏日甜点#,4,Sylpink_pinky,椰浆、纯牛奶、凉开水、白砂糖、鱼胶粉、糖桂花
宝宝辅食,5,小可爱jenny,六个月，各种蔬菜泥，水果泥
南瓜馒头(刀切),4,沙格豆,中筋面粉、南瓜泥、温水、白糖、花生油(或猪油)、酵母、中筋面粉(呛面用)
作业本,5,妙妙Yvonne,专心、爱执行的手、手机拍摄、黄油相机
烤冷面,4,李月新oreo,烤冷面、鸡蛋、火腿肠、油 醋 盐 烤冷面酱 葱 香菜 孜然
清炒扁豆角,5,云云私家,扁豆角、蒜末、姜末、鸡精、盐
宝宝辅食：芝麻鸡蛋薄脆饼干,5,窝小芽-宝宝辅食,鸡蛋、低筋粉、糖、玉米油、黑白芝麻
胖乎乎奶油芒果卷/不开裂不掉皮全过程详细图解烘焙视频/蛋糕篇6：「厚卷」,28,月梦kelly,鸡蛋、白砂糖、低筋面粉、牛奶、植物油、淡奶油、白砂糖、芒果、香草精
蔓越莓绿豆糕,26,tangtang瑭瑭,脱皮绿豆、蔓越莓、黄油、淡奶油（或牛奶）、白糖、蜂蜜（或麦芽糖）
椰汁千层糕,19,雪清_liang,椰浆、纯牛奶、片糖/红糖、马蹄粉、水
一次冷藏发酵吐司超级拉丝柔软(手揉出手套膜),4,上帝说,高筋面粉、鸡蛋+水（或者其他液体，例如牛奶）、盐、糖、高活性酵母(耐高糖)、葵花籽油、奶粉(用水的话可以加，本来就用牛奶就可以不用加了)
炼奶棉花蛋糕,5,诗霏麻麻,低筋面粉、鸡蛋、玉米油、细砂糖、炼奶
自制拉面(拉条子),11,Michelle米歇尔,中筋面粉(饺子面条粉)、水、油
颜值控-做一朵开在碗里的花秋葵蒸水蛋,17,sweetlifeme,鸡蛋、秋葵、纯净水、盐、酱油、香油
日式豚肉拉面,5,阿修罗ashura,猪腱子肉、溏心蛋、溏心蛋卤汁、生姜、拉面、香葱、海苔、棉线
椰浆蛋糕,18,海燕的手艺,低筋面粉、鸡蛋、高达牌椰浆、色拉油、盐、细白砂糖
厨师机版吐司面包的制作,3,凯越烘焙,高筋粉、水、奶粉、盐、糖、全蛋液、酵母、黄油
核桃红枣葡萄黑芝麻奶香馒头,5,眯眯眼小酒窝,中筋面粉、牛奶、活性酵母、黄糖、红枣（去核）、核桃、葡萄干、炒熟的黑芝麻
青椒豆腐干,15,奚姥姥,白豆腐干、胡萝卜、青椒、辣豆瓣酱、盐、鸡精
机器猫豆沙包,4,_慧绘美食记_,①白色面团：、水、面粉、干酵母、②蓝色面团：、水、蝶豆花粉、面粉、干酵母、③装饰：、烘焙色素笔
辣子鸡,3,罗小曼曼,鸡肉、干辣椒、洋葱、青辣椒红辣椒、葱姜蒜、生抽、白糖、盐、豆瓣酱
凉拌海带,4,Jin小厨,海带、小辣椒、蒜末、姜末、油辣椒、生抽、芝麻油、玉米油、盐、香醋、葱花、鸡精
网红肉松蛋黄青团（艾草版）,4,糖心糯米糍,【艾草糯米面团】、新鲜艾草、糯米粉、糖、水、小苏打（或碱水碱粉）、【肉松蛋黄馅】、肉松、咸蛋黄、沙拉酱
KITTY猫蛋包饭,7,漫解花语,剩米饭、胡萝卜、香菇、玉米粒、豌豆粒、鸡蛋、葱花、盐、植物油、番茄酱、胡椒粉
黑麦贝果,12,墨七,高粉（金牌）、黑麦粉（红磨坊）、水、黄油、糖、酵母、盐、表面装饰、煮贝果糖水
芒果雪糕,4,天然气小姐—Ariel,芒果肉（纯芒果肉，去皮去核）、牛奶、糖、淡奶油
拖欠太久的白屁股包包,4,爱整蛋糕滴欢,高筋粉、*牛奶、*砂糖、*盐、酵母、无盐黄油
窝窝头,4,兰若寺鬼,玉米面（corn meal）、普通面粉、豆浆或牛奶、糖、酵母
爆炒鸡胗,5,丁扁扁,鸡胗、剁椒、青红椒、生姜、大蒜、老抽、干辣椒、花椒、糖、料酒、醋
让茄子变身为鱼肉味的美味【茄子鱼】,3,幸福de眼泪爱美食,圆茄子、鸡蛋、海鲜酱油、醋、葱蒜末、大料、糖、盐
弯梳虾饺,9,一只梨花压海棠,澄面、土豆淀粉、沸水、虾肉、白膘（肥肉）、笋丁或荸荠、盐、糖、味精、猪油、胡椒粉、麻油、淀粉
海苔肉松蛋糕,56,海燕的手艺,低筋面粉、鸡蛋、牛奶、植物油、柠檬汁、白砂糖、海苔肉松、沙拉酱
全麦核桃面包---无糖无油,5,啊呜511,高筋面粉 170克、全麦粉 60克、核桃粉 20克、酵母 2.5克、水 167克、盐 4克、老面 40克、核桃仁 30克
醉虾,2,xiyakeke,活河虾（3至5公分）、小青椒、小米辣、小葱、香菜、姜末、蒜末、盐、鸡精、酱油、醋、白糖、白酒、黄酒
芝麻夹心海苔,5,小番薯66,海苔、熟芝麻、蜜料、盐、儿童酱油
Cold Brew Coffee 冷泡（冷萃）咖啡,5,0夏天0,咖啡豆、纯净水、茶叶袋、密封瓶、咖啡豆、纯净水、茶叶袋、密封瓶、浓缩基底（粉1水7是正常，喜欢喝咖啡味道浓郁的可以是粉1水5）、牛奶、冰块、糖浆
皮蛋豆腐,5,Pretear,皮蛋、内酯豆腐、葱、香菜、料酒盐糖生抽醋麻辣红油香油
梅干菜肉包-无敌包子皮【墙裂推荐~！！！】,4,Oo石小糰oO,面种：、高粉、酵母、水、主面团：、高粉、糯米粉、砂糖、泡打粉、水
香肠芝士面包,52,晓廷爱烘焙,高筋面粉、中筋面粉、奶粉、酵母粉（安琪耐糖酵母）、糖、盐、鸡蛋一个、牛奶、温水、黄油、香肠、装饰材料、马苏里拉、番茄酱、香葱碎、船型淋膜纸杯
山东大馒头,52,Michelle米歇尔,中筋面粉、盐、酵母（安琪耐高糖）、糖、水、中筋面粉（排气时添加）、中筋面粉、盐、酵母（安琪耐高糖）、糖、水、中筋面粉(排气时添加)、中筋面粉、盐、酵母（安琪耐高糖）、糖、水、中筋面粉（排气时添加）
红豆沙吐司,3,咕咚家,高筋面粉、酵母、奶粉、砂糖、盐、蛋液、水、黄油、自制豆沙
猪肉丸子汤,6,郎木娘娘,猪肉馅、葱末、姜末、鸡蛋、胡椒粉、淀粉、盐、鸡精、香油
蜜汁鸡翅 Honey Coated Roast Chicken Wings,4,yanyanfoodtube,鸡翅、蜂蜜、大蒜、生抽酱油、黑胡椒、盐、竹签
香煎田园土豆饼,22,婷姐美食1988,土豆、玉米粒、胡萝卜、香肠、青椒、面粉、盐、十三香
超简单的无水蛋糕,24,逗妈美食,鸡蛋、细砂糖、黄油、普通面粉
超级好吃的凉拌拍黄瓜,4,小北Zhang,黄瓜、蒜末、葱花、盐、老干妈豆豉辣椒酱、熟花生、白芝麻、红辣椒、生抽、醋
东北老式软饼干,5,三骷,中筋面粉、白糖、玉米油、水、全蛋液、小苏打、蛋液（刷表面用）
微波炉烤茄子,5,沛瑶妈咪,茄子
花样水果吐司,9,CherryChow,切片吐司、水果
鲜虾猪肉生煎包（一定要看视频哟~）,4,八卦兔JadeCw,多用途粉（中筋粉）、水、糖、盐、酵母、泡打粉（增加口感没有或介意可不放）、猪肉（前腿或者五花为好）、水、盐、糖、料酒、生抽酱油、葱花、芝麻、鲜虾、白胡椒粉、盐、料酒
葡萄干奶酥辫子面包,21,红叶99,高筋面粉（舒可曼）、牛奶、蛋液、淡奶油、糖、盐、酵母、黄油、鸡蛋液(刷表面)、黄油、糖粉、低筋面粉、奶粉、表面葡萄干（蔓越莓干）
清蒸鱼,4,味蕾工坊,鱼、蒸鱼豉油、植物油、料酒、盐、葱、姜
双色花卷,7,_慧绘美食记_,①白色面团：、水、白面、干酵母、②紫色面团：、水、白面、紫薯粉、干酵母
戚风蛋糕（高筋粉版）,4,打哪个名都是被注册的,鸡蛋、高筋面粉、色拉油、牛奶、白砂糖（蛋白、玉米淀粉（蛋白
芒果奶酪面包,7,sjn百合,高筋粉、酵母、细砂糖、蛋液、牛奶、盐、黄油、芒果泥（馅料）、奶油奶酪（馅料）、细砂糖（馅料）
快手香蕉纸杯蛋糕,11,笑语盈盈任平生,香蕉、低筋面粉、无铝泡打粉、细砂糖、鸡蛋、牛奶、植物油
地三鲜：省油诀窍,16,哈哈的犀牛角,土豆、青椒、茄子、生抽、蚝油、生粉、糖
入口即化的无添加蛋黄溶豆,190,a大宝宝,蛋黄、婴儿奶粉、柠檬汁（没有就不放）、糖粉（可不放，也可以用白砂糖替代）
绣球馒头,17,依依3755180437,面粉、酵母、牛奶
《Tinrry下午茶》教你做戚风蛋糕,109,Tinrry甜悦,蛋白、玉米淀粉、玉米油、蛋黄、细砂糖、纯牛奶、低筋面粉、动物性淡奶油、糖粉、M&M巧克力豆、蛋白、玉米淀粉、玉米油、蛋黄、细砂糖、纯牛奶、低筋面粉、动物性淡奶油、糖粉、M&M巧克力豆
草莓溶豆（淀粉稳定蛋白法）,6,Veronica_喵小姐,蛋白、婴儿奶粉、淀粉、糖粉、草莓泥（现打的，加柠檬汁）、柠檬汁
蒜香豆苗,4,田园馋嘴猫,豆苗、蒜、盐、小磨香油
蜂蜜柠檬百香果,12,蜂蜜柠檬百香果,柠檬、百香果、蜂蜜、玻璃瓶
趣多多巧克力豆饼干,6,快乐萱萱妈2011,黄油、糖粉、鸡蛋液、低粉、玉米淀粉、可可粉、耐烤巧克力豆、盐
棉花纸杯蛋糕,74,福山鴨子k,雞蛋、低筋麵粉、牛奶、玉米油、糖
【电饭煲可乐鸡翅】,3,日食记,鸡翅、老抽、生抽、可乐、辣椒、姜丝、电饭煲
东北青椒鸡蛋酱,7,小侯宝贝2012,鸡蛋、青椒、糖、蚝油、食用油、干酱（或东北大酱）
铜锣烧（健康无泡打粉、小苏打）,5,李沐景,土鸡蛋、牛奶、低筋粉、蜂蜜、糖、玉米油
榴莲千层---可丽饼蛋糕,70,晓廷爱烘焙,常温鸡蛋（大蛋）、细砂糖、常温牛奶、常温淡奶油、融化黄油、低筋面粉、细盐1g、不粘锅（24cm）大汤匙、筛网（很重要）、夹心奶油部分、淡奶油、细砂糖、榴莲或各种水果
家常葱油烤饼,7,私厨文君,普通面粉、温水、酵母、小葱、植物油或猪油、盐、五香粉、蜂蜜
酥掉渣的桃酥饼,11,Linda_Yue,中筋面粉、软化猪油（也可以黄油）、细砂糖、玉米淀粉（如果喜欢酥脆口感的可换成高筋面粉）、核桃仁碎（生熟皆可）、室温鸡蛋黄（如喜欢酥脆的可将2个蛋黄替换为1个全蛋+5克中粉）、泡打粉、小苏打、盐、⚠️装饰、黑芝麻、蛋黄液
梅菜扣肉,35,冇伱灬冇我,五花肉、梅干菜（干）、大料、生姜、大葱、老抽、啤酒、生抽、白糖、白胡椒粉、芝麻油、葱花
停不下来的红烧鸡翅,68,Flora刘祎,鸡翅中、葱段、姜片、花椒、八角、干辣椒、蒜瓣、盐、糖、生抽、老抽
凉拌海带丝,31,小美的美食,海带丝、姜、蒜、盐、油、味精、生抽、陈醋（黑色）、小米椒
姜葱炒花蟹,6,猪师奶的私房菜,花蟹、蒜茸、葱、辣椒、姜、酱油、红葱头、糖、米酒
奶香紫薯馒头,5,桃梦儿,面粉、紫薯、糖分、奶粉、即发酵母、温开水
面包机肉松,12,陈小厨可以培养成大厨啊,瘦肉、酱油、盐、白砂糖、姜、葱、食用油
芹菜牛肉末「下饭神器」,5,吃货喵330,牛肉、芹菜、干辣椒、大蒜、小米椒、盐、味精（可不加）、酱油
锅巴土豆,6,小辞xiaoci,土豆、小辣椒、盐、葱花、辣椒粉、孜然粉、花椒粉
牛油果芝士焗面包,7,秦了了,吐司、牛油果、牛奶、鸡蛋、马苏里拉芝士碎、研磨黑胡椒、欧芹碎
椰子球,5,浪漫春天,椰蓉、黄油、白糖（偏甜）、奶粉、全鸡蛋、熟芝麻
【健康三餐】烧烤香羽衣甘蓝,5,Sunny_Kreglo,羽衣甘蓝、鸡蛋、蒜片、葱花、苹果醋或柠檬汁、盐、黑胡椒、孜然、橄榄油、以下为选用的、辣椒粉、干香葱（chive）、烟熏味甜椒份（smoked paprika）
巧克力酥顶玛芬蛋糕 Choc Chip Muffins,7,yanyanfoodtube,小麦粉、细砂糖、泡打粉、盐、植物油、无盐黄油（融化）、大鸡蛋、香草精、牛奶、巧克力豆、无盐黄油（融化）、白砂糖、黄金粗粒砂糖（粗粒赤砂糖）、可可粉、小麦粉
秘制绝味毛豆,13,和_甜家,小米椒、大蒜、八角、香叶、花椒、蚝油、生抽、老抽、盐、白糖、毛豆
芒果慕斯蛋糕（8寸）,5,Susielovesmangoes,8寸戚风蛋糕、芒果（泥）、吉利丁片、淡奶油、牛奶、幼砂糖、菠萝味QQ糖、清水、芒果粒（装饰用）、银糖珠（装饰用）
【视频食谱】不用开酥的曲奇蛋挞,13,八卦兔JadeCw,黄油、糖粉、全蛋、低筋粉、奶粉、牛奶、鲜奶油、蛋黄、细砂糖、炼乳
早餐鸡蛋杯cupcake Frittata,4,细嗅蔷薇natalie,青椒或红椒、洋葱、蘑菇、奶酪（羊奶酪，切达或你家里有的各种奶酪）、菠菜、培根、鸡蛋、橄榄油、盐和黑胡椒、帕玛森芝士磨粉
薄饼脆皮火腿pizza,5,une_shanshan,高筋面粉、橄榄油、温水、酵母、盐、糖、火腿片、青椒片、玉米粒、番茄酱、芝士碎
蚝油西葫芦,11,Cherry姐姐爱下厨,西葫芦、蚝油、花生油、蒜
脏脏包-可颂牛角包Chocolate Croissants,16,loreeloreelll,面团：、高筋面粉、凉水、糖、盐、酵母、奶粉、黄油（软化）、鸡蛋、可可粉、黄油片：、黄油（不软化）、ganache：、淡奶油、巧克力豆、可可粉（洒表面）
炸土豆丸子,4,吸椰少女,土豆、鸡蛋、牛奶、淀粉、黑胡椒、白胡椒、盐、面包糠
基础课-6寸、8寸戚风蛋糕（后蛋法）,31,晓廷爱烘焙,6寸、蛋黄糊3个（带壳65g左右大蛋）、牛奶40g、玉米油40g、细砂糖20g、香草精2滴、低筋面粉50g、玉米淀粉10g、蛋白霜3个（蛋清）、柠檬汁几滴、细砂糖30g
柠檬曲奇,8,_慧绘美食记_,低粉、牛奶、细砂糖、黄油（室温软化）、杏仁粉、盐、烤盘、油纸、裱花袋、中号8齿裱花嘴
高蛋白低卡鸡肉丸子（无碳水版）增肌减脂必备！！！120kcal/100g,5,Ww_Sid蘑菇,鸡胸肉/鸡腿肉、蛋清、葱、研磨胡椒粉、盐、料酒
香煎羊排,6,冇伱灬冇我,羊排、洋葱、土豆、黑胡椒碎、香草碎、孜然、海盐、红酒或啤酒
青柠/青桔百香果夏日特饮,7,鸡蛋花蒋蒋鸡蛋花,百香果、青柠或小青桔、苏打水/雪碧/蜂蜜水、冰块
咖喱饭,20,萝莉小小小小只,咖喱块、土豆、洋葱、胡萝卜、鸡腿肉、清水
凉拌莴笋,4,呤儿,莴笋、苹果醋、细砂糖、盐、麻油/辣油
五彩蝴蝶面°专为宝宝制作๑,8,C妈小厨娘,紫薯、西红柿、菠菜、南瓜、面粉、所有备料
溶豆,9,呦家烘焙,蛋清、柠檬汁、细砂糖、酸奶、玉米淀粉、奶粉
全麦馒头,7,鲁卡小宝,全麦面粉、温水、酵母
超简单的营养早餐--酸奶麦片,6,月满西楼528,酸奶、即食麦片、果干、新鲜水果、奇异籽
炸鸡排,10,伤寒天空,鸡胸肉、鸡蛋、玉米淀粉、面包糠、料酒
零失败葡式蛋挞液,21,机智的繁歌,淡奶油、牛奶、细砂糖、蛋黄、低筋面粉、炼乳(可忽略)、成品蛋挞皮
椰蓉棉花纸杯蛋糕,6,陶北鼻,鸡蛋、低筋面粉、牛奶、植物油、细砂糖、细砂糖、椰蓉
北海道巧克力流心蛋糕,5,晓廷爱烘焙,玉米油、牛奶、低粉、糖、蛋黄、蛋白部分：、蛋清、细砂糖、柠檬汁、巧克力奶油：、淡奶油、黑巧克力
《Tinrry下午茶》教你做巧克力流心,6,Tinrry甜悦,黑巧克力、无盐黄油、全蛋、蛋黄、细砂糖、盐、朗姆酒、低筋面粉、无盐黄油
蚝油焖冬瓜,4,ZENGWANJUN,蒜头、蚝油、冬瓜、淀粉、盐、水、葱
【红烧牛肉面】,5,日食记,牛肉、面条、冰糖、葱、姜、蒜、豆瓣酱、辣椒酱、青菜
奶酪饼干,4,小奔驰的毛妈厨房,奶油奶酪210克、黄油480克、糖粉300克、奶粉90克（可替换成90克低粉）、盐10克  、鸡蛋（连壳60克左右）3个+1个蛋黄（刷表面用）、低粉900克、以上用量为90升烤盘、如果是30-40升烤箱可以用1/3量
手撕包菜,65,我脑公全世界最帅,包菜、五花肉、干辣椒、葱白、姜、蒜、盐、料酒、美味鲜（就是生抽的一种）、蒸鱼豉油、耗油
一个话唠包教包会的香浓红烩牛腩,39,muffin甜,牛腩、黄皮洋葱、胡萝卜、土豆、西红柿、干辣椒、葱、姜、蒜、香叶、冰糖、食用油、生抽、红烧酱油（或老抽）、番茄酱、盐、料酒（或红酒）
正确的玉子烧/厚蛋烧做法,22,仓之食,鸡蛋、牛奶、砂糖、盐、油
麻薯面包～超简单快手 木薯粉版,17,星月萦绕,木薯粉、高筋面粉、牛奶、玉米油、盐、糖、鸡蛋、黑芝麻（喜欢就下）
熊猫豆沙包&紫薯包,8,_慧绘美食记_,①主材料：、面粉、水、干酵母、细砂糖、玉米油、可可粉、②馅料：、豆沙馅、紫薯馅、③其他：、清水、小号圆形裱花嘴
云朵般松软爆浆蜜汁叉烧包,31,宅与路上,梅头肉、叉烧酱、蚝油、酱油、黄酒、蜂蜜、生姜、大蒜、淀粉、普通面粉、耐高糖酵母、细砂糖、牛奶、玉米油（无色无味的油）
葡萄干麦片曲奇 Oats Cookies,9,yanyanfoodtube,无盐黄油、细砂糖、黄金幼砂糖、鸡蛋、香草精、普通面粉、麦片、小苏打、盐、葡萄干
无需酸奶机的自制酸奶,16,kaven-1,酸奶、牛奶、蜂蜜或者白砂糖
西红柿鸡蛋疙瘩汤,47,夯夯,西红柿、鸡蛋、面粉、葱末、香菜末、蕃茄酱、糖、盐、香油
《Tinrry+》Tinrry教你做爆浆巧克力奶盖蛋糕,38,Tinrry甜悦,蛋黄、蛋清、牛奶、玉米油、低筋面粉、细砂糖、玉米淀粉、奶油芝士、细砂糖、盐、牛奶巧克力、淡奶油（用于冷却）、淡奶油（最后加入）、薄脆片
芒果花,12,MASATO在成长,芒果、削皮刀、水果刀、盘子
baby小蛋糕,31,晓廷爱烘焙,玉米油、原味酸奶、细砂糖、低筋面粉、玉米淀粉、蛋黄、蛋白部分：、蛋清、细砂糖、柠檬汁
土豆丝鸡蛋饼,23,韩徐来,鸡蛋、土豆、面粉、盐、油
《Tinrry下午茶》教你做爆浆海盐奶盖蛋糕,300,Tinrry甜悦,蛋黄、玉米油、纯牛奶、低筋面粉、蛋清、细砂糖、玉米淀粉、蛋黄、纯牛奶、细砂糖、玉米淀粉、奶油芝士、细砂糖、海盐、淡奶油、原味酸奶、卡仕达酱、杏仁片、糖粉
网红焖饭一只番茄饭,36,Hi水暮瑶,番茄、玉米粒、豆、腊肠、蘑菇、萝卜
水煮牛肉,3,橘丽丝,牛里脊肉、莴笋、豆芽、盐、料酒、郫县豆瓣酱、自贡七星椒干辣椒面、花椒面、姜、蒜、红辣椒油、味精、小磨麻油、香菜、鸡蛋、水淀粉、菜油
牛油果香蕉奶昔,13,鸡蛋花蒋蒋鸡蛋花,熟透的牛油果、熟透的香蕉、牛奶
秋葵鸡蛋羹,8,胶P糖,鸡蛋、秋葵、生抽、温水
【零失败】不会裱花没关系的水果裸蛋糕 芒果裸蛋糕 完美戚风胚,33,鱼皮皮peper,鸡蛋、低筋面粉、色拉油（任何无味道的油）、牛奶或者清水、细砂糖A（蛋糕用）、玉米淀粉（放在糖A里）、淡奶油、细砂糖B（淡奶油用）、芒果（或者其他水果）、香草精（可不放）、朗姆酒（可不放）
婴儿辅食之自制猪肝粉,14,回音初品echo,猪肝、柠檬、大葱、姜
网纹果酱夹心面包,10,Tracy易彩,高筋面粉、酵母、盐、细砂糖、奶粉、鸡蛋、牛奶、黄油、果酱、蛋液（刷表面用）、8寸圆模
家常 阳春面,9,小美的美食,细面条、猪油、盐、生抽、葱花
烤豆腐,19,白云-178,嫩豆腐、辣椒粉、孜然粉、盐、生抽、油、小香葱
酱油炒饭(超级简单),27,陈哈哈Carrie,剩米饭、葱、鸡蛋、酱油（老抽）、料酒、耗油、糖
苹果玫瑰吐司,7,早餐女王驾到,红苹果、砂糖、吐司、果酱
孔雀开屏清蒸鱼,14,C妈小厨娘,武昌鱼、大葱、料酒、盐、姜丝、蒸鱼酱油、胡椒粉、盐、耗油、鸡精
切块酸奶戚风,5,米妈0315,酸奶、蛋白、蛋黄、糖、低筋面粉、玉米油、柠檬汁数滴、盐
香菇腊肉饭,11,爱美食的思敏,腊肠（我买的是香菇腊肠）、干冬菇、盐、酱油、糖、玉米粒、萝卜粒、香菜，葱
山药鸡蛋糕 宝宝辅食食谱,16,宝宝辅食达人,山药、蔓越莓、鸡蛋
紫薯鸡蛋卷,20,丫丫菜窝,鸡蛋、紫薯、纯牛奶、盐、面粉
健康低脂早餐燕麦,40,大静jojo,鸡蛋、香蕉、快熟燕麦、牛奶、葡萄干（坚果碎）
八寸戚风蛋糕(君之版),6,心悦on1,低筋面粉、鸡蛋、玉米油（橄榄油）、牛奶、细砂糖（蛋黄用）、细砂糖（蛋白用）
水晶肉皮冻,5,早安明天,新鲜猪皮、姜、盐、料酒、料汁
清蒸鳕鱼,17,carrie暖暖,鳕鱼、料酒、盐、老姜、蒜头、干红辣椒、葱、蒸鱼豉油
料多多红枣吐司,34,啊呜511,面包粉（昭和先锋）、盐、红糖、鲜酵母、全蛋液、水、黄油、去核红枣、核桃仁、杏仁片
第二次可颂记录,4,啊呜511,高筋粉	225克 低筋粉	75克 耐高糖干酵母	4克 细砂糖	30 盐	6克 奶粉	8克 水	180克 黄油 30克、黄油 150克
颜值爆表的樱花慕斯。（6寸圆模）,11,我是伦家,海绵蛋糕用料：、低筋面粉  90g、黄油  30g、牛奶  30g、细砂糖  90g、鸡蛋  3个、慕斯糊用料：、奶油奶酪  130g、淡奶油  130g、牛奶  90ml、糖  30g、吉利丁  10g、朗姆酒柠檬汁各 1小勺、樱花淋面用料：、盐渍樱花  适量、开水  适量、雪碧  半听、吉利丁  7g
原味厚蛋烧,6,墨七,鸡蛋、牛奶、黄油
培根番茄意大利面,8,任冉Srivatsa,意大利面、盐、番茄、培根、黄油、番茄酱、黑胡椒粉、混合香草碎、芝士屑
PH大师的巧克力饼干（趣多多）,8,幸福de眼泪爱美食,黄油、低粉、红糖、细砂糖、全蛋、香草精、黑巧克力、小苏打、盐
蒜蓉烤金针菇,8,懒饭美食,金针菇、蒜、小米椒、油、蚝油、生抽、水、盐、孜然粉
香葱肉松蛋糕,18,冇伱灬冇我,鸡蛋、牛奶、食用油、盐、细砂糖、低筋粉、柠檬汁、肉松、葱花
白萝卜豆腐圆子汤,14,希南,白萝卜、肉馅、豆腐（老豆腐、柴锅豆腐都可以，不能用内酯豆腐）、姜末、葱花、盐、草果粉
《Tinrry下午茶》教你做椰子脆片,5,Tinrry甜悦,无盐黄油、糖粉、蛋清、低筋面粉、椰蓉
麻薯包,27,滢滢滢是小吃货,麻薯粉、黄油、全蛋、牛奶
不用揉出膜、不用醒面就能酥掉渣的中式酥皮点心,50,糖豆MM,水油皮：、中筋面粉、白糖、猪油（固体液体都可以！）、沸水、油酥：、低筋面粉、猪油（固体液体都可以！）、以下是鲜花饼材料，做蛋黄酥不用看！！！⬇⬇⬇、鲜花饼馅料配方参考：、玫瑰花酱、炒熟中筋面粉、猪油
手撕鸡胸肉——减肥嘴馋时的救命稻草,17,蛇精病的么么哒-3-__Cara,鸡胸肉、橄榄油、食盐、黑胡椒粉、生姜
【健康三餐】椒盐核桃燕麦司康,6,Sunny_Kreglo,燕麦片（old-fashioned rolled oats）、温水、橄榄油、椰花糖或红糖、大号鸡蛋（室温）、全麦粉、烤香的核桃、亚麻籽粉、椒盐粉、小苏打粉、黑胡椒粉、营养酵母粉（选用）或帕玛森奶酪、黑白芝麻
年菜必学【松鼠桂鱼】，给你多动图食谱，不信你学不会！（孔瑶原创食谱）,6,孔老师教做菜,鳜鱼、糖、盐、番茄酱、料酒、生粉、食用油、葱、姜、玉米粒、豌豆、胡萝卜粒、水淀粉、清水
金针菇焖豆腐,10,dpyoung,金针菇、豆腐（可以用来焖煮）、蚝油，生抽，糖，水、葱，红椒
【糖醋里脊】,31,日食记,里脊肉、鸡蛋、白胡椒粉、糖、白醋、淀粉、番茄酱、熟白芝麻、京葱、料酒、盐、水淀粉
酱牛肉,6,橘子时尚,牛腱子、大葱、姜、大料、花椒、桂皮、香叶、丁香、生抽、老抽、欣和豆瓣酱
家常香嫩手撕鸡,8,张小花,鸡、食盐、麻油、蚝油、生抽、香菜、大蒜子、辣椒粉
葡萄干玉米面发糕,9,玩烘焙的丫丫,面粉、玉米面、白糖、鸡蛋、葡萄干、枸杞、核桃仁、酵母、红枣（喜欢吃红枣的）
牛角面包,131,Tracy易彩,高筋面粉、酵母、盐、全蛋液、淡奶油、牛奶、细砂糖、黄油、全蛋液适量
糯米蛋-好吃到要爆炸,46,冇伱灬冇我,圓糯米、五花肉、香腸、幹香菇、豌豆、盐、生抽、老抽、白糖
少油沙拉酱,6,元满在线,蛋黄、白砂糖、纯牛奶、白醋、葵花籽油、鸡精、玉米淀粉
沙沙土豆胡萝卜炖牛肉,20,一直奔跑的猪,牛肉（最好是牛腩）一斤半、土豆中等大小一个、胡萝卜一根、红皮洋葱拳头大小半个、小葱三根、生姜三片、料酒、老抽、生抽、白糖、五香粉、盐、清水
低糖不腻的奥利奥咸奶油蛋糕盒子,23,老马过家家,28*28的巧克力蛋糕胚、淡奶油、糖粉、奥利奥饼干碎、盐、饼干碎
零失败低糖玛格丽特饼干,13,糖糖贞贞,原味玛格丽特：、玉米淀粉、低筋面粉、无盐黄油、糖粉、盐、熟蛋黄、蔓越莓玛格丽特：、玉米淀粉、低筋面粉、无盐黄油、糖粉、盐、熟蛋黄、蔓越莓（切碎）、抹茶玛格丽特：、抹茶粉、玉米淀粉、低筋面粉、无盐黄油、糖粉、盐、熟蛋黄、巧克力玛格丽特：、巧克力粉、玉米淀粉、低筋面粉、无盐黄油、糖粉、盐、熟蛋黄
炝炒藕丁,7,一只呆叶子,藕（莲菜）、蒜、干辣椒、生抽、醋、盐、糖、葱花
酸奶的一万种吃法,7,花凉凉,水果、干果、酸奶、拌在一起
奥利奥磅蛋糕,6,牛奶少女丶,黄油、糖粉、低粉、鸡蛋液、泡打粉、奥利奥饼干碎（无夹心）、糖水：、水、糖
仿85度C的芝士球,6,满地苗文文妈,奶油奶酪、淡奶油、柠檬汁、白砂糖、蛋黄、玉米淀粉、黄油（刷模具用）
萝卜排骨汤,6,Pan小月,排骨、白萝卜、葱段、枸杞、盐
香脆可口的蛋卷卷,7,啊呜511,鸡蛋、糖、玉米油、牛奶、低筋粉、黑芝麻
最爱金大旺之巧克力吐司（可可吐司）,10,天然气小姐—Ariel,高粉（金像）、法芙娜可可粉、糖、盐、酵母、水、鸡蛋、黄油、耐高温巧克力豆
牛奶小馒头,6,下山虎虎,牛奶、普通面粉、白砂糖、酵母粉、盐
一碗简单的阳春面,8,凉公子,猪板油、生面、生抽、老抽、糖、高汤、大蒜叶或葱花
经典奶酪布丁,9,0夏天0,奶油奶酪、鲜奶油、牛奶、细砂糖、鸡蛋、柠檬汁
蜜渍金桔酱 奶奶的秘方,15,hyy_lili,新鲜金桔、冰糖、新鲜柠檬、蜂蜜
超级下饭的秋葵小炒肉,10,sugarHe,五花肉、秋葵、小辣椒、蒜、姜、郫县豆瓣酱、生抽、盐、淀粉、料酒、姜粉、白糖
爆炒猪肝,7,邻家姑娘小七,猪肝、青椒、大蒜、生姜、色拉油、淀粉、料酒、甜面酱、老抽、盐、白砂糖、清水
抹茶蔓越莓饼干,7,KawyHoo,无盐黄油、糖粉、全蛋液、宇治抹茶粉、蔓越莓干、低筋面粉
新疆果仁列巴,33,Weeeeee玮玮,高筋面粉、细砂糖、鸡蛋、牛奶、淡奶油、黄油、酵母、食用盐、核桃仁、葡萄干或提子干、全蛋液
鸡翅包饭,38,冇伱灬冇我,洋葱粉、大蒜粉、生姜粉、甜椒粉、白胡椒粉、糖、盐、生抽、啤酒、烧烤酱、圆糯米、干香菇、豌豆、胡萝卜、洋葱、油、盐、白胡椒粉、生抽、鸡全翅、蜂蜜、熟白芝麻
响油黄瓜,32,夜未殇,黄瓜、盐、蒜末，姜末、干辣椒、醋、香油、白糖
揭秘自制酒酿的秘密,5,广东人家,糯米、安琪甜酒曲、凉白开水
芝麻夹心海苔,7,九月烘培,海苔、宝宝酱油、韩国幼砂糖、芝麻、坚果、料汁、核桃仁、腰果、巴旦木
盐焗鸡脚（水焗）版,9,真味食品,鸡脚（新鲜）、盐焗鸡粉、栀子、香油、盐、
千层毛巾卷,8,阿tttttian,低筋面粉、细砂糖、抹茶粉/可可粉、黄油（可不放）、鸡蛋、牛奶、淡奶油（含糖的）、蜜豆
蔓越莓饼干,16,惠妈妈hui,低筋面粉、黄油、蔓越莓、糖粉、全蛋液
【保罗教你做面包】法棍,9,阿May又改名儿了,高筋面粉、盐、干酵母、橄榄油、水
章鱼小丸子,6,玲珑解语,章鱼烧粉、鸡蛋、水、章鱼、虾、卷心菜、洋葱、照烧酱、沙拉酱、海苔粉、青介辣酱（辣根）、柴鱼花
蒲烧鳗鱼饭,8,偏离.于墨尔本.,蒲烧鳗鱼、紫菜丝、熟白芝麻、香葱、酱油、白砂糖、料酒
蜜炼枇杷膏,16,享受寂寞的叶子,枇杷、白糖（或冰糖）、蜂蜜
抹茶戚风蛋糕,20,小至_,蛋黄、细砂糖、水、色拉油or菜油or玉米油、低粉、抹茶粉、蛋白、细砂糖
芋圆芒果椰汁西米露,29,小鱼爱吃鱼儿啊,西米、椰浆、纯牛奶、炼乳、芋圆、芒果
奶酪饼干,26,Tracy易彩,黄油、奶油奶酪、低筋面粉、细砂糖、蛋黄、盐、奶粉、28x28
凉拌藕片,8,嘉嘉乐_5imh,莲藕、蒜蓉、酱油、盐、白糖、山西陈醋、香油、小米椒、干辣椒、香菜
【千层风琴土豆】,6,日食记,土豆、培根、马苏里拉芝士、烧烤酱、罗勒碎、黑胡椒粉、蒜末、油
肉沫豆角下饭菜,68,艾琳love,豆角、猪肉碎、小米椒、大葱 大蒜、生抽、糖、老抽、淀粉、料酒、盐、植物油
葱香芝士面包,109,坠入海的星,面包料:)高筋面粉、普通面粉、糖、盐、鸡蛋、牛奶、酵母粉、温水、黄油、配料:)芝士碎、蛋黄酱或者沙拉酱、番茄酱、葱花、鸡蛋刷表面用
超滑嫩的蛤蜊炖蛋,10,开心果子365,蛤蜊、鸡蛋、水、葱花、盐、蚝油、芝麻油、姜丝、生抽
鱼香肉丝,16,labrador,猪腿肉、泡椒、姜、蒜、葱、水发木耳、胡萝卜、白糖、香醋(保宁醋/镇江香醋)、老抽、生抽、盐、清汤、淀粉
椰蓉土司,24,榀涵妈妈,高粉、鸡蛋、糖、盐、牛奶、酵母、黄油、椰蓉馅、椰蓉、全蛋液、糖粉、黄油
干煸豆角（标准版）,6,大头儿子Leon,当然要有豆角，就是四季豆、猪肉、花椒、干辣椒、葱、姜、盐、糖、生抽、老抽、加饭黄酒
完美牛奶布丁（吉利丁片版）,9,下厨房滴小莫莫,牛奶、白砂糖、吉利丁片
快手版意式番茄肉丸,12,懒饭美食,西红柿、牛肉丸、食用油、蕃茄酱、洋葱、罗勒、黑胡椒、糖、盐
油焖大虾,53,冇伱灬冇我,大虾、葱白、生姜、蒜瓣、油、番茄酱、白糖、啤酒、盐
冰糖炖柠檬（电饭煲版）,37,西西LOVE,老冰糖、柠檬、如果不确定柠檬跟糖的用量可以按照……
红烧排骨,8,冇伱灬冇我,排骨、八角、桂皮、香叶、生姜、干山楂、油、冰糖、生抽、白胡椒粉、啤酒、盐
生煎包（新视频。猪肉韭菜莲藕生煎包）,5,广东人家,前腿猪肉、韭菜、莲藕、拌猪肉馅料汁碗：、生抽、蚝油、鸡粉、胡椒粉、盐、猪肉馅料打水、姜、小葱、韭菜用油：、香油、食用油、面团材料、普通面粉、水、酵母
红烧鲤鱼,9,唐躲躲,鲤鱼、葱、姜、蒜、干辣椒、花椒、白醋、生抽、老抽、白糖、料酒、食盐、植物油、玉米淀粉、香菜
黄金蛋炒饭,6,库玛先生,现煮米饭、鸡蛋、盐、白胡椒粉、香葱
十五分钟快手之香滑皮蛋瘦肉粥(附五分钟电饭煲电压力锅更快捷方法),24,能过冬的蝈蝈,稻花香米、猪里脊肉、皮蛋、生姜，香葱，香菜、淀粉、生抽，柠檬汁，玉米油、盐，高汤粉，白胡椒粉、水
青椒牛肉,6,希洛大大大大人,青椒、牛肉、生粉、酱油、洋葱、胡椒粉、蒜
桑葚酱,7,夏luo特,黑色桑葚、冰糖或白砂糖、柠檬汁
十分钟快手早餐【港式火腿西多士】,17,小辞xiaoci,白吐司、咸火腿、芝士、鸡蛋、牛奶、橄榄油
土鸡汤,6,月球上的人_,土鸡、香菇、姜、蒜、枸杞、红枣、料酒、盐
一次发酵的酸奶小餐包（最好吃没有之一）,68,红叶99,高筋面粉、酸奶、全蛋液、淡奶油、牛奶、盐、糖、酵母、黄油、全蛋液（刷表面）、杏仁片（表面）
花生芝麻椰蓉酥,8,芯程-121,低筋面粉、玉米油、细砂糖、全蛋液、熟花生碎、熟黑芝麻、椰蓉、盐、泡打粉、小苏打
蔓越莓曲奇饼干,11,Cynthia帆,黄油、糖粉、鸡蛋、低粉、蔓越莓干
《Tinrry下午茶》教你做芝士焗土豆泥,10,Tinrry甜悦,土豆、水、盐、无盐黄油、纯牛奶、盐、脆皮肠、虾仁、马苏里拉芝士
披萨蛋（快速早餐）,17,majusaka彗,鸡蛋、培根、红辣椒、青辣椒、洋葱、面粉、盐、早餐芝士
圣诞呆萌裸蛋糕,14,z楠楠楠楠楠,可可戚风蛋糕、淡奶油、细砂糖、水果、芝麻、其他
豆沙一口酥,35,weiweidami,低筋粉、黄油、细砂糖、全蛋液、蛋黄液、黑芝麻、豆沙馅
水果披萨,32,爱新觉罗_金金,香蕉、火龙果、木瓜、苹果、芒果、椰果、水蜜桃罐头、菠萝罐头、沙拉酱、马苏里拉芝士、玉米粒、下面是面团的配比用料、糖、酵母粉、盐、黄油、水、面包粉
8寸纯手工什锦披萨,115,黑芝麻吐司,高筋面粉、盐、糖、酵母粉、橄榄油或者玉米油、温水、马苏里拉芝士
美味的肉酿香菇～～孩子爱吃的下饭菜,22,糯米jlxy,肉末、香菇、盐，生粉，生抽、鸡蛋、油，葱花、生菜叶
超软香蕉蛋糕,9,Arissa妖,香蕉、低粉、鸡蛋、糖、色拉油、牛奶、泡打粉
桃酥,19,一只梨花压海棠,低粉、猪油、绵白糖、泡打粉、苏打粉、鸡蛋液
一碗红烧肉,11,知味学堂,五花肉、老抽、冰糖、料酒、八角、花椒、葱、姜、桂皮、盐、香叶、干辣椒
红烧茄子（教你炒茄子不变色的小妙招）,19,沛瑶妈咪,茄子
《Tinrry下午茶》教你做基础原味蛋糕卷,43,Tinrry甜悦,蛋清、细砂糖、蛋黄、纯牛奶、玉米油、香草精、低筋面粉、草莓果酱、动物性淡奶油、草莓、蛋清、细砂糖、蛋黄、纯牛奶、玉米油、香草精、低筋面粉、动物性淡奶油、香草精、糖粉
老丁的私房菜-清炒山药,9,老丁的私房菜,山药、胡萝卜、盐，香葱，葱，蒜
酥皮绿豆饼   酥得掉渣渣,42,smilelingchen,油皮、中筋面粉、猪油、糖、水、油酥、低筋面粉、猪油、绿豆馅、去皮绿豆、水、糖、黄油
上汤娃娃菜,28,坠入海的星,娃娃菜（小点的、熟咸鸭蛋、火腿肠、皮蛋、水、盐、葱花、食用油
葡式蛋挞【全蛋版】,46,王小菲菲菲,全蛋（中）、细纱糖、淡奶油、牛奶、炼乳
手工果蔬蝴蝶面/花式面片,10,黑玫瑰私房烘焙,小麦粉/中筋面粉、各种果蔬泥汁、果蔬面磨具/卡通面片磨具（淘宝有售）、原汁机/破壁机、自动压面机、筷子、备注：菠菜，紫甘蓝都要开水焯下，南瓜蒸熟这样出来的色泽会更好。胡萝卜可可生也可熟和面。
素炒南瓜,8,兔子厨房,南瓜、小葱、油、盐
自制无添加番茄酱,14,小白素食记录,西红柿、冰糖、盐、柠檬汁
最简单的《熬猪油》方法,10,海仙,猪油、冷水（我用的纯净水）
草莓城堡蛋糕,24,虫虫和丁丁当当,鸡蛋、低筋面粉、白砂糖（蛋糕用）、玉米油、水或者牛奶、淡奶油、白砂糖（奶油用）、新鲜草莓
香葱培根咸司康,12,超超超圆脚豆,低筋面粉、无盐黄油、水、蛋液、盐、细砂糖、泡打粉、培根、香葱碎
国民凉菜——拍黄瓜,21,小羽私厨,黄瓜、蒜、生抽、糖、醋、盐 适量、香油、花椒油、辣椒油
草莓果酱,10,啊呜511,草莓、细砂糖或者冰糖、柠檬汁
醇香奶油卷,27,红叶99,高粉、牛奶、淡奶油、全蛋液、糖、盐、酵母、黄油、蛋液（刷表面用）
虎皮青椒,11,zypzy,青辣椒、蒜头、生抽、醋、糖、盐
芝士焗红薯,8,懒饭美食,去皮红薯、水、牛奶、糖、黄油、马苏里拉奶酪
老丁的私房菜-番茄牛腩煲,18,老丁的私房菜,牛腩肉、番茄、葱姜、番茄酱（可选）
蒜蓉秋葵,56,糯米jlxy,秋葵、蒜蓉、油，盐，糖，酱油，清水
美味不等待，超快手热汤面,27,懒饭美食,大蒜、小米辣、生抽、醋、芝麻油、挂面、小葱、热水
低糖少油版蔓越莓饼干,107,龙女_贝果妈,低筋面粉、黄油、绵白糖、蔓越莓干、全蛋液、淡奶油
【春日限定烧麦】,7,日食记,中筋面粉、糯米、春笋、干香菇、胡萝卜、猪肉糜、猪油、料酒、老抽、生抽、糖、蚝油、白胡椒粉、盐、香油、葱姜水、食用油、皮冻
美成花的京酱肉丝,57,忧郁土豆,猪里脊、甜面酱、干豆腐、胡萝卜、小葱、香菜、大蒜、姜、鸡蛋清、白糖、白胡椒粉、料酒、生抽、老抽、淀粉
南瓜包🎃,10,大贱骨头,红豆、糯米粉、面粉、南瓜、白糖、枸杞
消耗淡奶油利器——恰好的淡奶油吐司,11,天然气小姐—Ariel,高粉（我用金像）、鸡蛋、牛奶、酵母、高粉、糖、盐、淡奶油
百分百成功的电饭煲蛋糕～,23,潘多拉拉拉拉小手,鸡蛋、低筋面粉、玉米油、牛奶（我用的爽歪歪）、白糖、白醋
肉松手撕面包—超软会爆浆的面包哟,49,牛奶少女丶,高粉、低粉、水、牛奶、蛋液、糖、盐、酵母、黄油、奶粉
补肾黑米粥,11,晴小宣,黑豆、黑米、黑芝麻、百合、薏仁、核桃、大米、红糖
素菜：芹菜炒豆腐干,7,水岸shui,芹菜、豆腐干、食盐、酱油、红尖椒、植物油
零嘴麻辣香干,9,小白菜5毛,卤香干、蚝油、油辣椒、大蒜、鸡精、生抽、酱油、盐，香油，白糖、芝麻，孜然
火烧云土司,39,八卦兔JadeCw,土司、蛋、糖
刀切馒头,6,爱吃de兔子,面粉、酵母粉、白砂糖、水
早餐鸡蛋饼,47,魔都兔子娇娇,面粉（高、中、低筋都可）、水（冷水）、小葱、熟黑芝麻（没有可不加）、甜面酱、香菜、生菜、鸡蛋
黑芝麻麻薯面包,10,海燕的手艺,麻薯预拌粉、黑芝麻、黄油、水、奶粉、糖、全蛋液
蒜蓉蒸金针菇,140,E路拾缘,金针菇、蒜、色拉油、盐、鲜味生抽、麻油、葱花、糖
油炸金针菇,6,卡美罗,金针菇、鸡蛋、淀粉、盐、油
柠檬🍋泡凤爪,46,乐观范菇凉_4,鸡爪、香菜、米醋、陈醋、香油、姜、料酒、小米椒、白糖、柠檬、生抽
照烧鸡腿,9,牙米,整鸡腿、大蒜、姜片、蚝油、鲜味酱油、生抽、冰糖、米酒、油
豹纹吐司,23,_慧绘美食记_,①冷藏中种面团原料：、高筋面粉、水、干酵母、盐、②主面团原料：、高筋面粉、牛奶、细砂糖、盐、干酵母、黄油（室温软化）、③豹纹用原料：、可可粉、竹炭粉、***也可以不用冷藏发酵法、直接法配方：、①高筋面粉、水、牛奶、细砂糖、盐、酵母、黄油（室温软化）、②可可粉、②可可粉
自制臭豆腐,9,雅式出品,臭豆腐乳、白酒、豆腐、凉开水
火腿芝士蛋三文治,53,坏习惯,黄瓜、鸡蛋、火腿午餐肉、芝士片、三文治全麦方包
薄皮韭菜饼,22,坠入海的星,普通面粉、韭菜、鸡蛋、粉丝、盐、味精、糖、麻油、热水、红尖椒
油汤圆,12,榆木小花生,水磨糯米粉、开水（稍微放凉）、老酒（料酒）、开水、红糖、黑芝麻（熟的）
芦笋炒蘑菇,34,坦克运转手,口蘑、芦笋、黑胡椒、盐、黄油、蒜
南瓜发糕,25,茉茉的心事,老南瓜、中筋面粉（普通面粉）、鸡蛋、白糖、酵母、泡打粉（可不加）、葡萄干（装饰）、6寸活底圆模
浓郁巧克力慕斯蛋糕（6寸）,41,施施小妆--ZZ,【蛋糕体】、6寸可可戚风、【慕斯液】、德芙黑巧共2条、淡奶油、糖粉、牛奶、吉利丁片2片、蛋黄（可不加）、朗姆酒、【表面装饰】、淡奶油、糖粉、法芙娜可可粉
鸡蛋芝士烤吐司,21,奔奔-24,吐司、鸡蛋、马苏里拉芝士
豆沙面包,30,吃货Tina,高筋粉、酵母、细砂糖、牛奶、全蛋、盐、黄油
红烧茄子,68,努力努力再努力DXT,茄子、蒜      、老抽、白砂糖、水
最好吃的火腿葱香花卷—附让葱不变黄的小窍门,15,冇伱灬冇我,中筋面粉、白糖、水、酵母、泡打粉、芝麻油、白胡椒粉、盐、葱花、火腿肠、食用小苏打
香葱肉松手撕吐司,57,冇伱灬冇我,面包粉、牛奶、鸡蛋、盐、白糖、黄油、酵母、肉松馅：、甜沙拉酱、香葱、肉松、鸡蛋液
超简单完美戚风蛋糕（6寸2蛋）附打发、翻拌、脱模视频,25,无敌小兔妞,鸡蛋、低粉、玉米淀粉、牛奶、无味色拉油、细砂糖、盐、香草精、柠檬汁或白醋、细砂糖
蒸排骨（简易广东版）,13,EvonneBaby,排骨、生粉、料酒、生抽、老抽、辣椒、蒜头、豆鼓、糖
自制宝宝牛肉松,14,肉肉四喜丸子,牛肉、葱、姜、料酒、盐
椰蓉吐司面包 Coconut Loaf,19,yanyanfoodtube,高筋面包粉、牛奶、酵母粉、细砂糖、大鸡蛋、黄油、盐、黄油、细砂糖、椰丝、馅料里也可以加一个鸡蛋黄
土豆烧排骨,24,靜瘦肉,土豆、猪排、干辣椒、大葱段、豆瓣、酱油、料酒、大料、花椒、姜片、白糖、盐、蚝油
椰蓉球,12,冬季月光,椰蓉、蛋黄、糖粉、炼乳、黄油、牛奶、低粉
香辣口水鸡,25,烟火间,鸡腿、香葱、姜片、花椒、香葱、姜、蒜、香菜、小米椒、花椒油、辣椒油、芝麻香油、鲜酱油、香醋、料酒、白糖、盐、熟白芝麻、熟花生米、（调味料仅供参考）
蛋黄酥~紫薯、抹茶、原味~花好月圆，中秋快乐~内附一次做六色蛋黄酥方法~,27,_慧绘美食记_,①油皮：、中粉（普通面粉）、猪油、糖粉、水、②油酥：、低粉、猪油、紫薯粉、绿茶粉、③馅：、鸭蛋黄、豆沙、④其他、蛋黄液、黑芝麻、大烤盘、油纸
枣糕（目前为止最像五道口枣糕王的版本）,13,米二乔,无盐黄油（软化到室温）、赤砂糖or金黄幼砂糖都行、细砂糖、鸡蛋、香草精、枣泥、红茶包里的茶粉、低筋面粉、高筋面粉、小苏打、食盐
简单快手的软香松饼,15,宅与路上,普通面粉（低粉更好）、鸡蛋（去壳约50克）、水（可换成牛奶橙汁或其它果汁）、酵母、糖、炼乳（可换成蜂蜜风味不同而且蜂蜜上色较快）、橄榄油（可换成黄油或者色拉油）
炒河粉,11,桃小柒oO,河粉、青菜、鸡蛋、绿豆芽、油、生抽、老抽、盐、鸡精
蕃茄丸子汤。,25,唐鱼头,肉馅、西红柿、鸡蛋、姜、小葱、盐、鸡精、豆瓣水、淀粉
新疆大盘鸡,30,憨吃愣喝,鸡翅、土豆、青椒、面条、洋葱、老抽、糖、姜、豆瓣酱、生抽、盐、啤酒、干红辣椒、大葱、十三香
面包十五分钟手套膜及拉丝秘笈(附七岁儿童终极版),26,潇潇媽,A面粉 (我用中筋粉蛋白质含量9克)、A牛奶 (高筋粉用200ml左右)、A鸡蛋、A糖、A酵母(热天建议使用2～3克)、A盐(混合材料时盐不要和酵母放置在一处)、B黄油、B橄榄油(其他油也行)、如果你的面粉蛋白质含量比我们家的高，每高1克请多添加8～10ml牛奶、后盐法请看第15步骤加盐。
手撕椰蓉吐司（最好吃没有之一）,61,红叶99,高筋面粉、全蛋液、牛奶、淡奶油、糖、盐、酵母、黄油、黄油、糖、全蛋液、椰蓉、全蛋液（刷表面）
✨香煎豆腐✨,102,Im-張三疯,豆腐、葱、酱油、蚝油、白砂糖、油
鸡蛋卷,11,大蓝子-,细葱、小鸡蛋、马铃薯淀粉、盐
炸香椿（超详细的炸香椿鱼）,9,温暖向阳sunny,香椿、鸡蛋（中等大小）、玉米淀粉（两大勺）、普通面粉（5大勺）、盐、白胡椒粉（黑胡椒粉）
6寸巧克力慕斯(蛋糕),13,花弄影儿,德芙黑巧克力+牛奶丝滑共2条、淡奶油、糖粉、牛奶、吉利丁粉、蛋黄、(奥利奥)饼干碎、黄油
花样饺子包法视频,11,胶P糖,饺子皮、馅料
蚝油猴头菇,3,乐妈小餐桌,猴头菇、蚝油、蒜片、淀粉
三汁焖锅,8,Minnie小丫丫,土豆、红薯、洋葱、蒜、辣椒、黄油、盐、黑胡椒、辣椒面、姜片、料酒、肉类：鸡翅、牛肉、基围虾、墨鱼仔、三汁酱：甜面酱、蚝油、番茄酱、蜂蜜、味极鲜
炸鲜奶（简单，健康）,11,竹马爱青梅,牛奶、玉米淀粉、白糖、面粉、盐、水、面包糠
香蕉松饼,19,干净大王,香蕉、鸡蛋、面粉、白砂糖、牛奶、朗姆酒、盐
蛋白糖,31,烘焙帮阿涛,蛋白、细砂糖、全脂奶粉、玉米淀粉、柠檬汁
太棒啦！1个方子，做出2道口味一流的甜品！——椰奶小方&炸鲜奶,83,孔老师教做菜,牛奶、玉米淀粉、绵白糖、椰蓉、炼乳、玉米油
奶酪饼干,14,贝壳烘焙,黄油、奶油奶酪、细砂糖、低筋面粉、鸡蛋
毛豆炒肉,14,冇伱灬冇我,去壳毛豆、肉丝、红泡椒、大蒜、油、盐、生粉、白胡椒粉、白糖、生抽、啤酒或料酒、鸡精、葱
酥到骨子里-小嶋老师的【红茶酥饼】,30,天然气小姐—Ariel,无盐发酵黄油、糖粉、蛋黄、低粉、伯爵红茶
不会失败的薯条做法,23,Basil,土豆、植物油、水、盐、番茄酱
美味的酸奶小蛋糕,4,船长老爹,鸡蛋、低筋面粉、酸奶、玉米淀粉、细砂糖、玉米油
快手馒头伪披萨,43,秦了了,馒头、土鸡蛋、火腿肠、青豆或者芦笋、黑胡椒粉、孜然粉、五香粉、盐、食用油、黑芝麻粒
辣椒炒肉,20,奚姥姥,尖辣椒、猪肉、豆豉、姜蒜、酱油、盐、味精、生粉
生煎包（后附水煎包做法）,35,爱吃de兔子,中筋面粉、酵母粉、白砂糖、水、猪肉馅、韭菜、盐、鸡精、黑胡椒粉、生抽、香油、花生油、小葱、黑芝麻、（做冰花用）玉米面、面粉、水
红烧海带,3,小小H,海带、大蒜、生抽、料酒、糖、（味精）、葱、油
正宗港式絲襪奶茶,15,芝gi芝,錫蘭紅茶、水、花奶（即淡奶 英文Evaporated milk）、砂糖、冰塊、其他：、裝冰塊的深碗
香菇豆腐汤,4,小丹926,香菇、豆腐、香菜、虾皮
酸辣凤爪,61,Elyn0722,凤爪、香菜、辣椒、蒜米、醋、糖、酱油、香油、姜、料酒
炸薯片,10,COCO大小姐,土豆、孜然、辣椒面、油、盐
蜜汁猪肉脯,77,Bella-Swan,里脊肉、糖、料酒、蚝油、味精、盐、胡椒粉（黑胡椒）、生抽、老抽、蜂蜜、白芝麻、红曲粉
西红柿鸡蛋面,22,神话-1,面条、西红柿、鸡蛋、葱、姜、盐、鸡精、香菜
孜然羊肉,3,快手私房菜,羊里脊、孜然（孜然粉）、辣椒（辣椒面）、白芝麻、盐
超简单原味溶豆（无酸奶版）,12,yIng_琳琳妈,蛋清、玉米淀粉、细砂糖、奶粉
点滴生活，芬芳依然⁎˚♫,4,曼叶夏秋,爱生活，爱美食，爱旅行，爱家庭。
白灼芦笋,12,小白素食记录,芦笋、生抽、盐、油
麻酱菠菜,10,坠入海的星,菠菜、芝麻酱、盐、味精、糖、蒜泥、热水
黑麦核桃红糖面包,18,Tracy易彩,高筋粉、黑麦粉、酵母、红糖、牛奶、（干果馅）、葡萄干、核桃仁、只要家有的干果都可以
【中餐厅】张亮版菠萝咕咾肉,4,大饨君,去皮猪五花、黄、红彩椒块、番茄酱、菠萝罐头、生抽、料酒、盐、生粉、白醋、白砂糖
香菇油焖笋,6,烟火间,新鲜竹笋、老抽、干香菇、料酒、生抽、白砂糖、食用油、香油
柠檬鸡翼--驰名香港，超简单又好吃,12,Cal_Tse,鸡中翼、姜、生抽、老抽、蚝油、柠檬、片糖
西葫芦瓜炒鸡蛋（茭瓜炒鸡蛋）,3,西尔维娅大小姐,大蒜、西葫芦瓜（茭瓜）、鸡蛋
葱多多曲奇,21,王光光光光,无盐黄油、玉米油、全脂牛奶、低筋面粉、白糖、盐、新鲜小葱
宝宝迷你三色饭团,4,sandevip,软米饭、黄瓜、胡萝卜、海苔、饮用盐水
糯米粉小餐包,12,烟火间,高筋粉150克、糯米粉30克、酵母粉3克、鸡蛋25克、牛奶90-100克、细砂糖20克、盐2克、橄榄油15克、表面装饰：糯米粉适量
黑糖黑米糕,22,tangtang瑭瑭,中号鸡蛋（约55克）、黑糖、细砂糖（打发蛋白用）、黑米粉、低粉、糯米粉、纯牛奶、玉米油、柠檬汁、干桂花
超级好吃下饭的麻婆豆腐,3,街角与后院,豆腐、腿肉、郫县豆瓣酱、花椒、干辣椒、蒜瓣、葱花、淀粉
排骨玉米汤,23,嘉木,排骨、玉米、胡萝卜、料酒、盐
蒜香龙虾尾,4,可乐乐777,龙虾（小）、大蒜、鲍鱼汁、海盐、糖、料酒、姜葱、水、菜油
【青梅酒】梅子的时光之旅,51,兔高兴,新鲜青梅、冰糖、35度以上的酒
酸奶慕斯,24,五月孤芳,酸奶（慕斯利安或安慕希）、淡奶油（雀巢）、糖粉、吉利丁片、冷开水、新鲜柠檬汁、戚风蛋糕、六寸圆模
全麦面包，无油，无糖，无蛋，超简单！,3,燕子_tqrp,全麦面粉、酵母、温开水、蔓越梅干(可以添加其他干果)、燕麦
洋葱炒土豆片,4,一人双子星,土豆、洋葱、盐、生抽
洋葱牛肉汉堡 Beef Hamburger with Fried Onions,4,yanyanfoodtube,汉堡面包、牛肉馅、培根、洋葱、生菜、沙拉酱、黄芥酱、番茄酱、伍斯特酱油、面包糖、鸡蛋、盐、黑胡椒、芝士片
酥黄豆,5,小白素食记录,黄豆
虎皮蛋（爱吃卤鸡蛋的不容不过～）,41,雪停停,鸡蛋、食用油、白糖、盐、老抽
咸味土豆饼干,4,鱼一,低筋面粉、盐、苏打粉、蒸熟的土豆、橄榄油、表层材料、盐、表面用香草（干燥的莳萝草或者洋香菜）、水
鲜虾鸡蛋卷宝宝辅食精华一岁以上宝宝,15,小雪轩轩妈,虾仁、胡萝卜、鸡蛋
最省力气、不需摔面快速出手套膜（后酵母法）,21,笑与鱼尾纹,高筋粉（普通面粉不可以）、砂糖或者绵白糖、盐、常温牛奶或者水（和面用）、鸡蛋、耐高糖酵母（一定要耐高糖的）、常温牛奶或者水（溶解酵母用）、黄油室温软化
金砖面包－－一个很成功的手撕起酥面包配方,4,易厨烘焙,面包粉、低筋面粉、酵母、糖、盐、奶粉、蛋液、水、黄油、片状黄油
三色芋圆,118,YOYO的厨房,紫薯（都是去皮净重，下同）、芋头（我用的是荔浦芋头，别的没用过）、南瓜、木薯淀粉（品牌不限，没有就不要做了，不知道什么是木薯淀粉的去百度）
咖喱炒饭,5,刺猬的夜,米饭、鸡蛋、洋葱、胡萝卜、火腿、玉米粒、青豆、香菇、咖喱、盐
玫瑰花馒头,4,往日随风_,面粉、紫薯泥、菠菜汁、酵母、水、油3～4克
有着面包口感的红糖馒头（一次发酵）,79,淡然-微笑,红糖、热水、耐高糖酵母、普通面粉、鸡蛋
土豆炖鸡翅（快手零失败）,24,萌妹私房菜,土豆、鸡翅、干辣椒、八角、花椒、葱姜蒜、盐、味精、酱油、料酒
歌剧院蛋糕Opera Cake（厨studio线上课程详解版）,4,任冉Srivatsa,杏仁粉、糖粉、低筋面粉、全蛋液、蛋清、细砂糖（打发蛋白用）、黄油、淡奶油、巧克力（法芙娜66%加勒比）、蛋白、水、细砂糖、速溶咖啡粉、热水、黄油、细砂糖、水、咖啡液、朗姆酒、吉利丁片、水、细砂糖、巧克力（法芙娜66%加勒比）、可可粉、淡奶油
可可古早蛋糕-第二课（烫面法）,22,晓廷爱烘焙,8寸、玉米油60g、低粉100g、可可粉20g、牛奶80g、蛋黄6颗、盐1g、蛋白6个、细砂糖100g、柠檬汁几滴
台湾烤肠 儿童肠,18,安宝妈,猪梅花肉、畅之味台湾烤肠调料、盐、料酒、清水、淀粉、红曲粉、羊肠衣22-24mm
蛋黄奶豆,4,拾味爸爸,低筋面粉、无盐黄油、糖粉、蛋黄、婴儿奶粉、玉米淀粉
最好吃的戚风——奶油奶酪戚风,23,天然气小姐—Ariel,奶油奶酪、牛奶、鸡蛋(60g大小)、糖（蛋黄用）、糖（蛋白用）、盐、色拉油、柠檬汁、低粉
原味蛋糕卷(后蛋法),42,洗澡澡吹泡泡,鸡蛋、牛奶、玉米油、白砂糖、低筋面粉、柠檬汁或白醋
西红柿牛腩,55,ポ工丂剋ヵ,牛腩        500克、西红柿     3-4个、葱            1颗、姜            少许、蒜            三瓣、花椒        10颗、八角         1颗、生抽        2勺、料酒         1勺、冰糖         6粒、干红辣椒  2个
肥而不腻的超厚瑞士卷,16,ximummy,鸡蛋、蛋白糖、蛋黄糖、植物油、牛奶、低粉
咕咾肉,5,老丁的私房菜,里脊肉、菠萝、蜂蜜、番茄酱、白醋
素食：燕麦芝麻大饼干,48,Lili营养小厨,纯燕麦片（即食型）、低粉或全麦粉、红糖、椰蓉、黑芝麻（熟）、葵花籽油或玉米油、水（或者牛奶）、盐
紫薯发糕,14,茉茉的心事,中筋面粉、紫薯(去皮后净重)、水、白糖、泡打粉、酵母、葡萄干(装饰)、6寸活底圆模
水煮牛肉 (正宗川味家常),25,葉子的爱与厨房,瘦牛肉、莴笋尖、黄豆芽、蒜、姜、郫县豆瓣酱、干淀粉、花椒面、干辣椒面、鸡精、花椒、菜籽油、水
比较浪的金针菇培根卷，不能放盐，不是写漏了。,3,小美的美食,金针菇、培根、葱、姜、蒜、剁椒酱、蚝油、生抽、白糖
平滑如镜的蛋羹,12,动妈要做一道好看的菜,鸡蛋、生抽、香油、香葱、所用时间、主图所用容器、盐
自制彩色凉皮蔬菜汁凉皮（ 彩色凉粉自制面筋）,5,蛋蛋De额娘,高筋面粉或特筋面粉、水、南瓜汁、菠菜汁、甜菜汁、酵母粉（放在面筋里用的）
三文鱼炖豆腐,6,偏离.于墨尔本.,三文鱼、豆腐、香葱、姜、蒜、香菜、生抽、老抽、白砂糖、料酒、陈醋
五谷杂粮粥,4,风中彩虹,薏米、荞麦米、红稻米、燕麦米、大黄米、黑米、黑糯米、糙米、红豆、黑豆、莲子、大红枣、葡萄干、枸杞子、核桃仁、燕麦片、紫薯、山药、即食燕麦片
一只番茄饭,71,蓝月光-5,番茄、玉米粒、豌豆、火腿肉（梅林）、胡萝卜、黑胡椒（粗粒）、盐、橄榄油
爆炒花甲,36,Mengxici,花甲、韭菜、蚝油、辣椒酱（任意辣椒酱即可）、黄豆酱、糖盐干辣椒、水淀粉、香油
原味戚风,6,爸爸做辅食,蛋白、蛋黄、细砂糖、牛奶、低筋面粉、色拉油、柠汁
清炒豆腐皮,5,素食者的菜谱,豆腐皮、青尖椒、胡萝卜、姜丝、红辣椒、酱油，盐
牛肉虾仁香菇白菜馅饼(视频版),6,我很家常,牛肉馅、酱油、黄豆酱、葱、姜、盐、虾仁、干香菇、白菜、香油、普通面粉、温热的清水
紫薯玫瑰花馒头,51,爱吃de兔子,紫薯泥、面粉、酵母粉、白砂糖、水
零失误的烤鸡排,5,Namaste-1,鸡胸肉、鸡蛋、面包屑、调料
自制厚底披萨面饼,15,Honey蜜,面粉、温水、酵母、油、盐、糖
无油红糖苹果蛋糕,5,Sunny_Kreglo,青苹果、大号鸡蛋（室温）、红糖或白砂糖、柠檬皮屑或柠檬精、盐、中筋面粉（过筛）、低脂牛奶或全脂牛奶（室温）、无铝泡打粉、糖粉（可省，表面装饰用）
香酥不腻的——皇家曲奇,14,圆猪猪,黄油、细盐、香草精、糖粉、低筋面粉、奶粉、动物淡奶油、面粉筛、橡皮刮刀、大号裱花袋、平烤盘
紫菜卷寿司,18,乔妈艾米食,紫菜卷、香米、鸡蛋、黄瓜、红萝卜、肉松、寿司醋、寿司竹帘
软炸虾仁,10,芹意,虾仁、盐、料酒、鸡蛋、干淀粉、面粉、食用油
凉拌豆腐,4,环子,盒装内酯豆腐、熟花生米、生抽、白糖，香油，醋、咸盐，香菜，葱，蒜
6寸可可蛋糕,12,广东海之韵,低筋面粉、鸡蛋、可可粉、玉米油、细砂糖、热水
花开蛋包饭,7,王筱沐,❤蛋液饼:、鸡蛋、淀粉(面粉)、❤炒饭:、米饭、黄瓜，胡萝卜，洋葱，火腿，腊肠，葱……、精盐、鸡精、十三香、❤装饰淋面:、番茄酱
红糖馒头.红糖糕,14,冇伱灬冇我,普通面粉、红糖、温水、酵母、核桃、红糖、普通面粉
芝士淋面,6,風殼栗子,奶油奶酪、糖粉、奶油
火腿肠早餐面包（一次发酵法）,5,海燕的手艺,高筋面粉、淡奶油、牛奶、糖、盐、酵母、蛋液、黄油、火腿肠、沙拉酱（表面装饰）、蛋液（表面装饰）、芝麻（表面装饰）、香葱（表面装饰）
五分钟快手咖喱乌冬面,5,懒饭美食,乌冬面、洋葱、蟹味菇、鱼丸、水、咖喱块
妈妈们快看，这道甜品是会跳舞的，孩子们一定喜欢！——芒果千层糕,72,孔老师教做菜,芒果、椰浆、吉利丁粉、白砂糖、清水
老式面包（玉米油版）,7,在你身边SUN,酵头材料：、高粉150克、中粉50克（原方是低粉、酵母4克、细砂糖15克、水160克、主面团材料：、高粉150克、中粉50克、盐5克、奶粉18克、全蛋液60克、细砂糖65克、水30-45克（看状态添加）、玉米油40克、出炉表面刷液：、蜂蜜1汤匙+冷开水1汤匙，搅匀备用
自制蜜红豆,6,美熊熊V,红豆、白砂糖、水
红豆蔓越莓司康（松饼）,5,小麦子Vicky,普通面粉、细砂糖、盐、泡打粉、黄油、鸡蛋、牛奶、蔓越莓干、红豆沙
奶油泡芙,116,Sammy爱烘焙,低筋面粉、淡奶油、鸡蛋、水、黄油、白糖（泡芙皮）、白糖（淡奶油）、盐
干锅虾虾（最详细的图文解说）,24,曾利Vikey,虾、洋葱、各种杂蔬（土豆莴笋藕）
花胶如何泡发,6,Eve的妈妈,花胶
土豆泥（最美味科学的终极版本）,25,巴巴Barbara,新鲜土豆（夏洛特或者其他淀粉较少的长形黄皮土豆）、全脂牛奶、无盐黄油（冷藏）、细粒海盐（普通食盐需要酌情减少）、白胡椒粉（可省略）
戚风蛋糕的做法(高比克有水戚风)含视频教程,7,船长老爹,牛奶:(蛋黄糊部分)、大豆油：(蛋黄糊部分)、白砂糖：(蛋黄糊部分)、蛋黄：(蛋黄糊部分)、玉米淀粉：(蛋黄糊部分)、低筋面粉：(蛋黄糊部分)、蛋白：(蛋白霜部分)、白醋：(蛋白霜部分)、白砂糖：(蛋白霜部分)
蚝油蒜蓉西兰花,39,瘪贝卡,西兰花、蒜、蚝油、盐
荷包蛋土司,16,烟火间,土司、鸡蛋、盐、黑胡椒碎
蛋奶油吐司,74,啊呜511,王后日式面包粉（25KG装）、盐、糖、鲜酵母、全蛋液、淡奶油、冰牛奶、黄油
超超超详细的芋圆教程,38,笑货吃货,红薯（去皮后称重的）、木薯淀粉（其他粉不可以）
蛋黄酥&网红麻薯蛋黄酥---半圆天地盖包装调整方,14,啊呜511,中筋面粉	180克 猪油	66克 糖	25克 水	75克、低粉 140克 猪油 70克、蛋黄 16个 红豆沙 400克左右、蛋黄 1个 黑芝麻 适量
蛋挞～无淡奶油,155,笛妈美食,牛奶特仑苏、砂糖、鸡蛋、蛋挞皮
简单香蕉蛋糕,45,沈知味,香蕉、低筋面粉、泡打粉、白糖、鸡蛋、炼乳、植物油
香辣小龙虾-超详细处理干净步骤！,36,冇伱灬冇我,小龙虾、小米椒、洋葱、生姜、大蒜、大葱、小芹菜、油、郫县豆瓣酱、盐、啤酒、冰糖、生抽、花椒粒或花椒粉、白胡椒粉、鸡精
越南春卷,15,小鹿Echo,越南春卷皮、胡萝卜、虾、小黄瓜、紫甘蓝、包菜、生菜、梅子酱、小番茄、猕猴桃🥝、无花果、秋葵、薄荷、鸡蛋、甜椒
广东肠粉最简单的制作,6,忧深,肠粉专用粉、瘦肉、食用油、水、葱花、酱油
浓香榴莲披萨,6,幸福西饼BLISSCAKE,高筋面粉、低筋面粉、白砂糖、盐、酵母、鸡蛋液、冰水、大豆油、马苏里拉芝士碎、榴莲肉、橄榄油或色拉油
韭菜鸡蛋盒子,10,云蓝小袖,面粉、开水、韭菜、鸡蛋、粉条（熟）、虾皮、盐、白胡椒粉、香油
热狗面包,43,爱吃一号-1,高筋面粉、低筋面粉、牛奶、细砂糖、全蛋液、醇母、盐、黄油、表面装饰：、全蛋液、热狗肠、沙拉酱、番茄酱、干葱碎
蛋糕盒子的3+1种有爱做吃法「厨娘物语」,19,厨娘物语BeautyCate,[ 蛋糕胚 ]、鸡蛋、低筋面粉、牛奶、食用油、白砂糖、蛋黄、蛋白、[ 豆乳蛋糕盒子 ]、豆浆:、黄豆、清水、豆乳卡仕达酱：、豆浆、蛋黄、白砂糖、低筋面粉、奶油奶酪、淡奶油、黄豆粉、[ 抹茶蛋糕盒子 ]、蛋糕、淡奶油、白砂糖、抹茶粉、[ 草莓蛋糕盒子 ]、蛋糕、草莓、淡奶油、[ 奥利奥蛋糕盒子 ]、蛋糕、奥利奥、淡奶油、薄荷
虾米冬瓜汤,6,独角兽_星,冬瓜、虾米、肉末、香葱、姜
肉酱,4,安可人儿,猪五花（偏瘦）、海天黄豆酱、大葱、盐，糖
网红脏蛋糕,143,蜜诺爱烘焙,鸡蛋（带壳65克+）、纯牛奶、色拉油、蛋黄用白砂糖、蛋白用白砂糖、低筋粉、可可粉、夹心和淋面、黑巧克力（甘那许）、淡奶油（甘那许）、淡奶油（淋面）、白砂糖（打发奶油）
浓浓的锅煮奶茶,5,心晴wwenwenn,鲜奶、水、红茶包、冰糖
奶味浓郁的糯米糍冰淇淋,21,鲁卡小宝,糯米糍的皮:、水磨糯米粉:、玉米淀粉:、牛奶:、白砂糖:、黄油:、冰激凌：、蛋黄：、炼乳:、纯净水:、淡奶油:、白砂糖(和淡奶油一起打发)：、手粉一些
麻婆豆腐,33,E路拾缘,豆腐、青葱、蒜蓉、肉碎（牛肉碎最佳）、郫县豆瓣酱、酱油（生抽）、糖、醋、花椒面、麻油、花雕酒/米酒、淀粉水
【视频】3分钟 奶油司康Scone(可能是世界上最快手的司康) 消耗淡奶油～,21,freesiaa,低筋面粉、淡奶油、细砂糖、盐、泡打粉
酸奶蛋糕,14,Sammy爱烘焙,酸奶、低筋面粉、玉米淀粉、黄油、细砂糖、鸡蛋
软绵绵的纸杯蛋糕,11,46709549,鸡蛋、低筋面粉、水或纯奶、玉米油、糖
豆腐饼,49,小单飞咖啡,豆腐、鸡蛋、胡萝卜、面粉、盐、虾皮（淡虾皮）、青菜、油
奶香黑芝麻刀切馒头,14,冇伱灬冇我,中筋面粉、芝麻粉、白糖、牛奶、泡打粉、酵母
槐花的N种吃法,30,云姐的幸福日子,槐花、葱姜蒜辣椒、盐及各种调味品、具体做法
青豆炒肉,4,希洛大大大大人,青豆、耗油、肉、辣椒、蒜、姜、生抽
菠菜炒鸡蛋,13,夯夯,菠菜、鸡蛋、葱姜末、料酒、白糖、盐、生抽
金牌蒜香排骨,28,Shimmer小白,排骨、蒜、葱、姜、生抽、料酒、白糖、胡椒粉、淀粉、食用油
超松软黑糖马拉糕(酵母版),6,Shirley厨房,黑糖、低筋面粉、牛奶、吉士粉(或奶粉)、鸡蛋、干酵母、泡打粉、溶化牛油
鱼香豆腐,13,用沉默代替解脫,豆腐、木耳、胡萝卜、香葱、番茄酱
宝宝辅食圆白菜饼（一岁以上）,7,栗子mama,鸡蛋、圆白菜、面粉、盐、葱花、黑胡椒粉、橄榄油或核桃油
学做LADY M家24层超薄渐变抹茶千层蛋糕,5,芽米日记,草鸡蛋、白砂糖、低筋面粉、抹茶粉、玉米淀粉、牛奶、黄油、盐
南瓜刺猬馒头,25,心-美-食,面粉、熟南瓜泥、酵母、白砂糖
【终极烹饪课程】北非蛋,5,阿May又改名儿了,橄榄油、青红甜椒、大蒜、辣椒、西红柿、盐、胡椒、小茴香籽、鸡蛋、青葱、香菜
无油无水脆皮小蛋糕,8,失魂鱼是吃货,鸡蛋、细砂糖、蜂蜜、低筋面粉
二十一种饺子的做法,4,Jane-yy,面粉、水、盐、馅料
黑芝麻汤圆,4,唐小唐妈妈,炒熟黑芝麻、砂糖、黄油、糯米粉、温水（40度左右）
腐竹烧香菇,31,静的时光9,腐竹、香菇、青红椒、蚝油、老抽
十分钟快手西多士,17,懒饭美食,吐司、芝士片、火腿片、鸡蛋、油
南瓜饼,35,唐小唐妈妈,去皮去籽甜南瓜肉、糯米面、白糖
豆角焖面,43,鸡蛋花蒋蒋鸡蛋花,豆角、手擀面、盐、生抽、老抽、糖、五花肉
脆底蜂蜜小面包,45,啊呜511,高粉、低粉、酵母、盐、蛋液、细砂糖、奶粉、水、白芝麻、细砂糖、低粉、玉米油、白芝麻、蜂蜜水（蜂蜜：水=1:1)
花篮橙子🍊,7,早餐女王驾到,橙子🍊
酱黄瓜,9,蓝胖子C,黄瓜、蒜、小米椒、糖、盐、醋、生抽、蜂蜜、密封保鲜盒
和风芝士豆腐,5,拾味爸爸,南豆腐、芝士、生抽、海苔碎、肉松、清水
巫山烤鱼（烤箱版）,36,尹吐哈,草鱼、配菜、调料
青椒炒蛋 米饭杀手 下饭,22,JPP1923,青椒（细长型才够辣）、鸡蛋、蒜、生抽、老抽、盐
西兰花素炒,19,宅蘑菇,鸡蛋、西兰花、胡萝卜、黑木耳、酱油、蚝油、盐、黑胡椒粉（可选）
蒜薹炒鸡蛋,18,爱维妮妮,葱姜蒜末、鸡蛋、蒜薹、蚝油、干红辣椒
火龙果炒虾仁,8,lynn001201,基围虾、火龙果、青椒、胡萝卜、生姜、生姜汁、坚果（腰果、榛仁、杏仁等等都可以）、料酒、盐、鸡精
超级浓超好喝的番茄土豆汤,20,每天都好饿的熊,番茄、土豆、盐
红烧茄子,16,紫涵妈,葱、姜、蒜、茄子、青椒、淀粉、料酒、醋、酱油、油、番茄酱、香油、盐、白糖
椒盐皮皮虾,31,手机用户7327_9hge,皮皮虾、姜、蒜、盐、黑胡椒粉、椒盐、葱、料酒、洋葱、小葱
【小嶋rumi】经典海绵蛋糕,6,开司米小姐,全蛋、砂糖、水饴、低筋粉、黄油、牛奶
黑米粢饭团,15,冇伱灬冇我,黑米、圆糯米、油条、肉松、榨菜、咸鸭蛋黄、白芝麻
鲜香韭菜盒子,132,红叶99,普通面粉（中筋）、开水（80～90度）、韭菜、虾皮、鸡蛋、食用油，十三香，盐，味精
蒜蓉西兰花,16,机器猫姑娘,西兰花、大蒜、盐、油
烤箱做蛋糕（戚风蛋糕的做法）,274,模样生活,鸡蛋、低筋面粉、细砂糖、纯牛奶、色拉油
蜜豆一口酥,12,秦了了,低筋面粉、全蛋液、猪油、白糖、馅料：、蜜红豆、表面装饰：、白芝麻、蛋黄液
番茄鸡肉浓情焗饭【两人份】,45,Flora刘祎,鸡胸肉、胡萝卜、土豆、番茄、青椒、红椒、黑胡椒粉、生粉、番茄酱、盐、糖、酱油、洋葱、马苏里拉芝士碎
奶香玉米汁,8,是_煩,新鲜玉米、水、冰糖、牛奶
秒杀饭馆味道的【黄焖鸡米饭】,111,璐稔,鸡腿（小腿、大腿皆可）、香菇（干香菇最佳）、青椒、生姜片、红干辣椒、盐、料酒、白胡椒粉、酱油、白糖
可可糯米华夫饼,9,熊猫与四月,中号鸡蛋（带皮58克左右）、牛奶、黄油、糯米粉、泡打粉、可可粉、糖、盐
红烧鱼,21,没有做饭天份的搬运工,鱼、姜、蒜、葱、香菜、糖、鸡精、盐、醋、白酒、酱油
小倪家网红珍妮曲奇饼干,6,手机用户艾米豆,黄油、低粉、奶粉、高粉、盐、纯奶、糖粉、玉米淀粉
香蕉蛋糕（君焙厨师机食谱）,10,君之,低筋面粉、细砂糖、黄油、鸡蛋、盐、泡打粉、小苏打、熟透的香蕉
什锦蛋炒饭,17,水十九,米饭、鸡蛋、虾仁、火腿、豌豆、胡萝卜、香菇、香葱、盐、油、料酒
根本停不下来的糖醋排骨,281,笑货吃货,猪肋排、料酒、生抽、冰糖、白醋、八角
营养减脂便当,5,白日梦小灰灰,豆腐、大虾、空心菜、鸡胸、糙米饭
超级松软的奶香麻花,37,chi货杨小nan,中筋面粉、鸡蛋、牛奶、砂糖、盐、蜂蜜、酵母、黄油
牛奶钢切燕麦粥+多种口味丨健康·三餐,6,Sunny_Kreglo,牛奶、燕麦粒
黑芝麻法国球,33,王光光光光,高筋面粉、水、细砂糖、盐、酵母、橄榄油、炒熟黑芝麻、高筋面粉、无盐黄油（不用拿出来回温）
风靡吃货圈的雪花酥,164,金粒籽,"❣️不粘锅：苏泊尔
❣️奶粉：德运全脂
❣️小奇福：品亿、宝龙
❣️整形盘：三能不粘金盘
❣️白色整形的东西叫压平器
❣️锯齿刀：三能关东光、原味👇、棉花糖、黄油、全脂无糖奶粉【指配料表不含蔗糖或者白砂糖】、蔓越莓干、综合坚果、饼干（我实验了三种饼干，下面步骤里会详细介绍）、不粘金盘【整形用】、抹茶味👇、棉花糖、黄油、全脂无糖奶粉【指配料表不含蔗糖或者白砂糖】、抹茶粉、蔓越莓干、综合坚果、饼干、奶粉15克＋抹茶粉1克过筛混合均匀、不粘金盘【整形用】、巧克力味👇、棉花糖、黄油、全脂无糖奶粉【指配料表不含蔗糖或者白砂糖】、可可粉、黑巧克力（可可含量65%以上）、蔓越莓干、综合坚果、饼干、不粘金盘【整形用】、奶粉15克＋可可粉3克过筛混合均匀"
鲜味油淋芦笋,38,王光光光光,芦笋、姜末、蒜末、红椒丝、生抽、芝麻油、白糖、油、盐
凉拌黄瓜,8,Miss_姐,黄瓜、醋、盐、糖、红辣椒、生抽、蒜
（酸奶／香蕉）溶豆,19,馬賽賽賽賽賽賽,香蕉／老酸奶、宝宝奶粉、鸡蛋清、砂糖、玉米淀粉
红烧牛肉土豆 （独家秘制）,81,杉杉来吃_珊珊不来迟,牛肉（稍带点肥肉的）、土豆、洋葱、西红柿（大的）、胡萝卜、八角、干辣椒、葱、姜、蒜
